{"type": "FeatureCollection", "years": [2018, 2019, 2020, 2021, 2022, 2023, 2024, 2025, 2026], "features": [{"type": "Feature", "geometry": {"type": "Polygon", "coordinates": [[[-8.575782774188962, 53.71321079532038], [-8.56802833342687, 53.708654694158675], [-8.569187318592306, 53.70758620894972], [-8.567758936325816, 53.70686916049872], [-8.570536292428413, 53.706223965853866], [-8.571405443923986, 53.70481570385532], [-8.569127160561983, 53.70312536358777], [-8.569543354846918, 53.702444207928075], [-8.571617412155495, 53.70264772114259], [-8.575149586654323, 53.700924877177705], [-8.575260117480468, 53.70318509612757], [-8.582510659798835, 53.70329019059533], [-8.582529478471436, 53.70477368167092], [-8.587976884719028, 53.703480822680675], [-8.588214985821555, 53.70145025654801], [-8.594666196457963, 53.69877470746288], [-8.592834717779914, 53.695945201284545], [-8.595933552108505, 53.6960154710885], [-8.596597240339783, 53.69820329398516], [-8.599833728433694, 53.70014073598111], [-8.60054177936656, 53.702301641075145], [-8.598970084687013, 53.70501443227101], [-8.59973770859516, 53.70588687494009], [-8.605561746437909, 53.70743776713696], [-8.606834219450418, 53.70919596598868], [-8.605509969590338, 53.71118376622958], [-8.606427187307117, 53.712090786868444], [-8.603996175783232, 53.71402379689886], [-8.59563466890248, 53.71332383615675], [-8.593108182914245, 53.711232842154736], [-8.589471537139993, 53.71033182073038], [-8.588536493144435, 53.71234194451869], [-8.579070940164447, 53.714950604208774], [-8.574746268604406, 53.713801451149834], [-8.575782774188962, 53.71321079532038]], [[-8.603464495295231, 53.71044649496762], [-8.604168274630604, 53.710507705431645], [-8.60422962633606, 53.71050062153036], [-8.603464495295231, 53.71044649496762]]]}, "properties": {"code": "000220", "name": "Lough Namucka Bog NHA", "county": "Galway", "designation": "NHA", "source": "NHA", "plots_2022": null, "plots_2021": null, "site_ha": 274.9, "years": [2018, 2019, 2020, 2021, 2022, 2023, 2024, 2025, 2026], "ndvi_series": [0.65, 0.0, 0.08, 0.6, 8.72, 8.8, 7.48, 13.41, 20.71], "gng_series": [0.6, 0.0, 0.08, 0.57, 2.84, 3.9, 6.96, 9.56, 19.45], "dates": ["2018-06-28", "2019-05-04", "2020-05-05", "2021-06-27", "2022-06-04", "2023-06-02", "2024-06-01", "2025-05-14", "2026-05-06"], "span": "2018\u20132026", "bare_now_ndvi_ha": 20.71, "bare_now_gng_ha": 19.45, "bare_pct_now": 7.1, "newly_ndvi_ha": 20.06, "newly_gng_ha": 18.85, "reveg_ndvi_ha": 0.0, "reveg_gng_ha": 0.0, "rate_ndvi_ha_yr": 2.39, "rate_gng_ha_yr": 2.02, "both_cov_pct": 100.0}}, {"type": "Feature", "geometry": {"type": "Polygon", "coordinates": [[[-8.534559957148884, 53.7210034378341], [-8.53264502921774, 53.71432098991847], [-8.534060916042417, 53.71316214157848], [-8.533266420705147, 53.71244438511857], [-8.534888251455648, 53.70928133167547], [-8.541450892263702, 53.70897896983431], [-8.552049548286089, 53.71542957622126], [-8.550818611419924, 53.71654707690168], [-8.553208034123957, 53.71934936955303], [-8.544257226502888, 53.72224292621014], [-8.538093137097924, 53.72229376538602], [-8.534559957148884, 53.7210034378341]]]}, "properties": {"code": "000221", "name": "Moorfield Bog/Farm Cottage NHA", "county": "Roscommon", "designation": "NHA", "source": "NHA", "plots_2022": null, "plots_2021": null, "site_ha": 139.3, "years": [2018, 2019, 2020, 2021, 2022, 2023, 2024, 2025, 2026], "ndvi_series": [0.13, 0.0, 0.0, 0.62, 2.57, 0.0, 0.0, 62.65, 2.09], "gng_series": [0.13, 0.0, 0.0, 0.5, 2.57, 0.0, 0.0, 4.02, 2.1], "dates": ["2018-05-06", "2019-05-04", "2020-05-05", "2021-05-08", "2022-05-10", "2023-06-02", "2024-05-19", "2025-05-14", "2026-05-26"], "span": "2018\u20132026", "bare_now_ndvi_ha": 2.09, "bare_now_gng_ha": 2.1, "bare_pct_now": 1.5, "newly_ndvi_ha": 2.09, "newly_gng_ha": 2.1, "reveg_ndvi_ha": 0.13, "reveg_gng_ha": 0.13, "rate_ndvi_ha_yr": 3.25, "rate_gng_ha_yr": 0.32, "both_cov_pct": 100.0}}, {"type": "Feature", "geometry": {"type": "Polygon", "coordinates": [[[-8.342637634858564, 53.530814552658285], [-8.351286347312659, 53.53493062040048], [-8.350408294174224, 53.53764097639418], [-8.346048241363977, 53.53757630499388], [-8.343669398995536, 53.54039370027952], [-8.328557146101057, 53.53571758550746], [-8.322751474934726, 53.52952476779662], [-8.321519148260627, 53.52674701801573], [-8.333130996774836, 53.52821460290164], [-8.340040524035617, 53.5259202043522], [-8.342901451712132, 53.52908156143091], [-8.34146304779928, 53.529583485673264], [-8.342637634858564, 53.530814552658285]]]}, "properties": {"code": "000229", "name": "Ballygar Bog NHA", "county": "Galway", "designation": "NHA + SAC", "source": "NHA", "plots_2022": null, "plots_2021": null, "site_ha": 165.5, "years": [2018, 2019, 2020, 2021, 2022, 2023, 2024, 2025, 2026], "ndvi_series": [0.02, 0.35, 0.01, 0.31, 1.24, 0.05, 0.03, 0.12, 0.09], "gng_series": [0.02, 0.35, 0.01, 0.31, 1.24, 0.05, 0.03, 0.12, 0.09], "dates": ["2018-06-30", "2019-05-21", "2020-05-05", "2021-06-27", "2022-05-10", "2023-06-04", "2024-05-19", "2025-05-14", "2026-05-26"], "span": "2018\u20132026", "bare_now_ndvi_ha": 0.09, "bare_now_gng_ha": 0.09, "bare_pct_now": 0.1, "newly_ndvi_ha": 0.07, "newly_gng_ha": 0.07, "reveg_ndvi_ha": 0.0, "reveg_gng_ha": 0.0, "rate_ndvi_ha_yr": -0.01, "rate_gng_ha_yr": -0.01, "both_cov_pct": 100.0}}, {"type": "Feature", "geometry": {"type": "Polygon", "coordinates": [[[-8.5440413290356, 53.69590281490722], [-8.533538929796809, 53.700252227571085], [-8.521145250833062, 53.698726858099114], [-8.52218961778959, 53.69527953353001], [-8.521225549922075, 53.69499902956199], [-8.52628747521079, 53.69087404517281], [-8.54151208353474, 53.694015708073756], [-8.5440413290356, 53.69590281490722]]]}, "properties": {"code": "000235", "name": "Bracklagh Bog NHA", "county": "Galway", "designation": "NHA", "source": "NHA", "plots_2022": null, "plots_2021": null, "site_ha": 104.9, "years": [2018, 2019, 2020, 2021, 2023, 2024, 2025, 2026], "ndvi_series": [0.1, 0.33, 0.12, 0.26, 1.18, 0.88, 2.64, 2.73], "gng_series": [0.09, 0.32, 0.06, 0.26, 0.19, 0.68, 1.34, 2.64], "dates": ["2018-06-30", "2019-06-08", "2020-06-24", "2021-05-08", "2023-06-02", "2024-06-01", "2025-05-14", "2026-05-06"], "span": "2018\u20132026", "bare_now_ndvi_ha": 2.73, "bare_now_gng_ha": 2.64, "bare_pct_now": 2.5, "newly_ndvi_ha": 2.69, "newly_gng_ha": 2.6, "reveg_ndvi_ha": 0.06, "reveg_gng_ha": 0.05, "rate_ndvi_ha_yr": 0.33, "rate_gng_ha_yr": 0.24, "both_cov_pct": 97.9}}, {"type": "Feature", "geometry": {"type": "Polygon", "coordinates": [[[-8.457621113193094, 53.592575086100396], [-8.451879538566576, 53.5909845523877], [-8.45002494907291, 53.58774524550559], [-8.447664102720173, 53.58707434377637], [-8.449423248207108, 53.584446883929076], [-8.447985235623891, 53.58410678145289], [-8.447473551459977, 53.58111425466619], [-8.444429250313835, 53.57965686999224], [-8.447000230130447, 53.57698768055307], [-8.445515451192108, 53.57639095545865], [-8.445225419079243, 53.57487263189286], [-8.452099547685249, 53.574134273024626], [-8.45153285731918, 53.57458649045296], [-8.456698037639153, 53.579394231449186], [-8.460448711083846, 53.580669317998954], [-8.472992626676929, 53.57997170114025], [-8.471908597526006, 53.583801649571775], [-8.470018041257104, 53.58608867925254], [-8.466473491030282, 53.586013112707434], [-8.465967848510337, 53.59047403030256], [-8.457621113193094, 53.592575086100396]]]}, "properties": {"code": "000245", "name": "Clooncullaun Bog NHA", "county": "Galway", "designation": "NHA", "source": "NHA", "plots_2022": null, "plots_2021": null, "site_ha": 201.8, "years": [2018, 2019, 2020, 2021, 2023, 2024, 2025, 2026], "ndvi_series": [0.88, 0.21, 0.16, 1.35, 4.15, 0.67, 7.13, 19.1], "gng_series": [0.84, 0.21, 0.16, 0.73, 2.36, 0.63, 4.31, 18.72], "dates": ["2018-05-29", "2019-05-21", "2020-05-05", "2021-05-08", "2023-06-04", "2024-06-01", "2025-05-14", "2026-05-06"], "span": "2018\u20132026", "bare_now_ndvi_ha": 19.1, "bare_now_gng_ha": 18.72, "bare_pct_now": 9.3, "newly_ndvi_ha": 17.66, "newly_gng_ha": 17.35, "reveg_ndvi_ha": 0.71, "reveg_gng_ha": 0.69, "rate_ndvi_ha_yr": 1.62, "rate_gng_ha_yr": 1.44, "both_cov_pct": 89.1}}, {"type": "Feature", "geometry": {"type": "Polygon", "coordinates": [[[-8.682137440385004, 53.61811294020852], [-8.677428814446747, 53.617329071679976], [-8.674609787022268, 53.618996498485856], [-8.67205048497169, 53.61904092949759], [-8.656217877672459, 53.61388695669654], [-8.65161608554265, 53.613647033128245], [-8.651344887765905, 53.61088905996912], [-8.64814428679853, 53.60671502774639], [-8.651190479515716, 53.60464000375495], [-8.656197275145333, 53.603676008797066], [-8.657853880044616, 53.60155619526878], [-8.66651253581282, 53.60243823848375], [-8.66922790201098, 53.604536766628556], [-8.668772225666839, 53.60660679670811], [-8.677578540106671, 53.60629617080789], [-8.678860389547378, 53.607363014205006], [-8.67842690263918, 53.61074627993213], [-8.681498350244603, 53.612631930453546], [-8.679646396830705, 53.616522477823075], [-8.682137440385004, 53.61811294020852]]]}, "properties": {"code": "000247", "name": "Slieve Bog NHA", "county": "Galway", "designation": "NHA + SAC", "source": "NHA", "plots_2022": null, "plots_2021": null, "site_ha": 268.3, "years": [2018, 2019, 2020, 2021, 2022, 2023, 2024, 2025, 2026], "ndvi_series": [7.81, 1.47, 6.57, 1.28, 38.36, 3.3, 15.05, 98.14, 23.4], "gng_series": [7.81, 1.35, 6.47, 1.04, 34.4, 0.96, 14.12, 14.27, 21.16], "dates": ["2018-05-06", "2019-07-03", "2020-05-05", "2021-05-18", "2022-05-15", "2023-06-02", "2024-05-19", "2025-05-14", "2026-05-06"], "span": "2018\u20132026", "bare_now_ndvi_ha": 23.4, "bare_now_gng_ha": 21.16, "bare_pct_now": 7.9, "newly_ndvi_ha": 15.83, "newly_gng_ha": 14.61, "reveg_ndvi_ha": 0.24, "reveg_gng_ha": 1.26, "rate_ndvi_ha_yr": 6.19, "rate_gng_ha_yr": 1.79, "both_cov_pct": 99.8}}, {"type": "Feature", "geometry": {"type": "Polygon", "coordinates": [[[-8.259304823133029, 53.19333975313717], [-8.24995162148873, 53.19083247239459], [-8.251212219047673, 53.18978304312634], [-8.251977682933887, 53.18589979775376], [-8.255187628648507, 53.183401109186725], [-8.261469664926587, 53.182591607805335], [-8.273474190860021, 53.18486225194341], [-8.273734019637267, 53.18712875068016], [-8.26670124367649, 53.18922027592399], [-8.265753271337722, 53.191470389628954], [-8.259304823133029, 53.19333975313717]]]}, "properties": {"code": "000249", "name": "Cloonoolish Bog NHA", "county": "Galway", "designation": "NHA", "source": "NHA", "plots_2022": null, "plots_2021": null, "site_ha": 119.6, "years": [2018, 2019, 2020, 2021, 2022, 2023, 2024, 2025, 2026], "ndvi_series": [0.0, 0.0, 0.08, 0.14, 6.04, 6.07, 3.12, 3.06, 1.92], "gng_series": [0.0, 0.0, 0.06, 0.12, 2.13, 0.78, 2.43, 0.91, 1.03], "dates": ["2018-06-28", "2019-07-03", "2020-05-05", "2021-06-29", "2022-05-28", "2023-06-07", "2024-06-01", "2025-06-20", "2026-06-23"], "span": "2018\u20132026", "bare_now_ndvi_ha": 1.92, "bare_now_gng_ha": 1.03, "bare_pct_now": 0.9, "newly_ndvi_ha": 1.92, "newly_gng_ha": 1.03, "reveg_ndvi_ha": 0.0, "reveg_gng_ha": 0.0, "rate_ndvi_ha_yr": 0.48, "rate_gng_ha_yr": 0.2, "both_cov_pct": 100.0}}, {"type": "Feature", "geometry": {"type": "Polygon", "coordinates": [[[-8.441249341742283, 53.590264419610754], [-8.444480891704302, 53.59254918623447], [-8.443477662656429, 53.592604987890475], [-8.444192506699023, 53.594550195210914], [-8.443351762233707, 53.595074142251235], [-8.436728477605149, 53.59631590292056], [-8.437423963849108, 53.59730126141487], [-8.424239648721572, 53.59921497320079], [-8.42371132623923, 53.5976667029052], [-8.422168653772887, 53.5973392953351], [-8.422469890301013, 53.59628463736411], [-8.420637368149652, 53.59613568012459], [-8.421219242793049, 53.59503595804029], [-8.424798391222946, 53.59536543821149], [-8.425878960916723, 53.59419092339231], [-8.425796595791654, 53.59174709675184], [-8.419947039850419, 53.58545922313814], [-8.41758208960619, 53.584669256892305], [-8.420375608426012, 53.58252070154428], [-8.430924593074394, 53.58227852470165], [-8.433865474452395, 53.58347789520975], [-8.43207944789861, 53.58434548174106], [-8.435045195678327, 53.58836480974222], [-8.441249341742283, 53.590264419610754]]]}, "properties": {"code": "000267", "name": "Funshin Bog NHA", "county": "Galway", "designation": "NHA", "source": "NHA", "plots_2022": null, "plots_2021": null, "site_ha": 182.5, "years": [2018, 2019, 2020, 2021, 2022, 2023, 2024, 2025, 2026], "ndvi_series": [1.28, 0.7, 0.33, 0.21, 3.07, 1.92, 0.41, 3.88, 6.22], "gng_series": [1.28, 0.7, 0.19, 0.21, 0.58, 0.57, 0.39, 0.81, 5.13], "dates": ["2018-05-06", "2019-07-03", "2020-06-02", "2021-06-29", "2022-06-04", "2023-06-02", "2024-06-01", "2025-05-14", "2026-05-06"], "span": "2018\u20132026", "bare_now_ndvi_ha": 6.22, "bare_now_gng_ha": 5.13, "bare_pct_now": 2.8, "newly_ndvi_ha": 5.67, "newly_gng_ha": 4.58, "reveg_ndvi_ha": 0.8, "reveg_gng_ha": 0.8, "rate_ndvi_ha_yr": 0.52, "rate_gng_ha_yr": 0.27, "both_cov_pct": 99.5}}, {"type": "Feature", "geometry": {"type": "Polygon", "coordinates": [[[-8.37068046781678, 53.45385453414447], [-8.368037909663109, 53.4535435912114], [-8.360626770229834, 53.456396124044105], [-8.357720356427173, 53.455989160561465], [-8.341770126105505, 53.450781888762386], [-8.341821910722174, 53.447327753543235], [-8.340818288434827, 53.44639324058247], [-8.345609699485692, 53.443329259666605], [-8.354907733209993, 53.44930014898557], [-8.360921997767688, 53.44590509349088], [-8.36915963343291, 53.447443883461155], [-8.37068046781678, 53.45385453414447]]]}, "properties": {"code": "000280", "name": "Castle Ffrench West Bog NHA", "county": "Galway", "designation": "NHA", "source": "NHA", "plots_2022": null, "plots_2021": null, "site_ha": 158.9, "years": [2018, 2019, 2020, 2021, 2022, 2023, 2024, 2025, 2026], "ndvi_series": [1.31, 0.03, 0.0, 0.05, 1.33, 2.81, 3.11, 5.67, 3.59], "gng_series": [1.31, 0.03, 0.0, 0.05, 0.75, 0.91, 2.35, 3.09, 3.56], "dates": ["2018-05-06", "2019-06-18", "2020-05-28", "2021-05-08", "2022-06-04", "2023-06-02", "2024-05-19", "2025-05-14", "2026-05-06"], "span": "2018\u20132026", "bare_now_ndvi_ha": 3.59, "bare_now_gng_ha": 3.56, "bare_pct_now": 2.2, "newly_ndvi_ha": 3.47, "newly_gng_ha": 3.44, "reveg_ndvi_ha": 1.19, "reveg_gng_ha": 1.19, "rate_ndvi_ha_yr": 0.58, "rate_gng_ha_yr": 0.4, "both_cov_pct": 90.1}}, {"type": "Feature", "geometry": {"type": "Polygon", "coordinates": [[[-8.454067412796935, 53.60706675445395], [-8.451846019440495, 53.6001465518333], [-8.454473356575345, 53.599689762551705], [-8.453978936544086, 53.598810434832245], [-8.45566601692214, 53.59811950673787], [-8.457004551153094, 53.59923005465493], [-8.460013130034236, 53.59903154252256], [-8.458959662561695, 53.59720677582076], [-8.460506015201029, 53.597825136366936], [-8.460736545615749, 53.59697491430535], [-8.466572970322655, 53.598137740073525], [-8.465076002645407, 53.60009282242382], [-8.465863305691808, 53.600948644646785], [-8.470836512118213, 53.6012134795834], [-8.473257913546842, 53.603081599207485], [-8.475062318726726, 53.601310785968266], [-8.476558354018973, 53.60231042835853], [-8.481558689266345, 53.600082716325765], [-8.484827204118947, 53.60086580057142], [-8.484764803681735, 53.60217796101819], [-8.48765553400344, 53.60448793029518], [-8.48699902424607, 53.60509580564177], [-8.488876535794493, 53.60694125227517], [-8.490249375275509, 53.606490197088206], [-8.493880687380171, 53.61002971106896], [-8.492565673615436, 53.614992432266824], [-8.490100749264428, 53.61418858629745], [-8.480062197824402, 53.61562579471146], [-8.47194695556003, 53.61297049792531], [-8.473092899907089, 53.611321779118335], [-8.467825570201185, 53.60956490195359], [-8.467947452962463, 53.608567406087815], [-8.465468944287855, 53.60870593669953], [-8.465480368089265, 53.6078121964997], [-8.463914365737402, 53.607875268368694], [-8.463875074912753, 53.610128892816654], [-8.462662102592496, 53.61033967081668], [-8.451485025304335, 53.60879427583346], [-8.454067412796935, 53.60706675445395]]]}, "properties": {"code": "000281", "name": "Keeloges Bog NHA", "county": "Galway", "designation": "NHA", "source": "NHA", "plots_2022": null, "plots_2021": null, "site_ha": 324.2, "years": [2018, 2019, 2020, 2021, 2022, 2023, 2024, 2025, 2026], "ndvi_series": [2.1, 0.03, 0.08, 7.13, 0.75, 0.27, 0.48, 4.37, 4.26], "gng_series": [2.1, 0.03, 0.08, 6.29, 0.42, 0.09, 0.38, 3.66, 3.82], "dates": ["2018-05-06", "2019-05-11", "2020-05-05", "2021-05-08", "2022-06-04", "2023-06-02", "2024-06-01", "2025-05-14", "2026-05-26"], "span": "2018\u20132026", "bare_now_ndvi_ha": 4.26, "bare_now_gng_ha": 3.82, "bare_pct_now": 1.2, "newly_ndvi_ha": 4.16, "newly_gng_ha": 3.72, "reveg_ndvi_ha": 2.0, "reveg_gng_ha": 2.0, "rate_ndvi_ha_yr": 0.26, "rate_gng_ha_yr": 0.2, "both_cov_pct": 100.0}}, {"type": "Feature", "geometry": {"type": "Polygon", "coordinates": [[[-8.383982063781524, 53.545179539007236], [-8.385775325208607, 53.543858489338824], [-8.384513379828224, 53.54346567596944], [-8.385522076649968, 53.54028954651481], [-8.38896968155916, 53.53793407233408], [-8.393801094689174, 53.538879926928075], [-8.403460962800196, 53.538283122087385], [-8.407886853467293, 53.54089125637787], [-8.406960543282352, 53.54503877310572], [-8.410480599074145, 53.54628700942504], [-8.403256791047808, 53.548400376984], [-8.403696107994596, 53.54916147723705], [-8.397777379654102, 53.54960483608068], [-8.397764789623622, 53.54858819651707], [-8.395091291024741, 53.548495689902744], [-8.391772060448398, 53.54936337796446], [-8.388420961942737, 53.546762540806355], [-8.385253839920965, 53.54670272166455], [-8.383982063781524, 53.545179539007236]]]}, "properties": {"code": "000283", "name": "Kilmore Bog NHA", "county": "Galway", "designation": "NHA", "source": "NHA", "plots_2022": null, "plots_2021": null, "site_ha": 160.2, "years": [2018, 2019, 2020, 2021, 2022, 2023, 2024, 2025, 2026], "ndvi_series": [0.27, 0.96, 0.41, 1.51, 8.63, 3.16, 2.17, 3.36, 4.17], "gng_series": [0.27, 0.96, 0.33, 1.51, 7.42, 0.66, 2.03, 1.48, 2.63], "dates": ["2018-05-16", "2019-07-03", "2020-06-02", "2021-06-29", "2022-05-15", "2023-06-02", "2024-06-01", "2025-05-14", "2026-05-26"], "span": "2018\u20132026", "bare_now_ndvi_ha": 4.17, "bare_now_gng_ha": 2.63, "bare_pct_now": 1.6, "newly_ndvi_ha": 4.08, "newly_gng_ha": 2.54, "reveg_ndvi_ha": 0.27, "reveg_gng_ha": 0.27, "rate_ndvi_ha_yr": 0.47, "rate_gng_ha_yr": 0.23, "both_cov_pct": 93.2}}, {"type": "Feature", "geometry": {"type": "Polygon", "coordinates": [[[-8.064502430017791, 53.2066253053343], [-8.06744241876197, 53.20701032969891], [-8.063276345201754, 53.21296557762021], [-8.061490945757773, 53.21313568141819], [-8.041265766966596, 53.212182087389266], [-8.04172792206392, 53.21123792089379], [-8.03591300231926, 53.20721723815164], [-8.040436153903123, 53.206605510412814], [-8.042068041822683, 53.20531051875371], [-8.042531284298697, 53.203189426402545], [-8.05422287124018, 53.20466586650728], [-8.053347023467694, 53.20340734815313], [-8.057044091536845, 53.20240519933184], [-8.060937945602046, 53.20262454247857], [-8.064502430017791, 53.2066253053343]]]}, "properties": {"code": "000284", "name": "Kilnaborris Bog NHA", "county": "Galway", "designation": "NHA", "source": "NHA", "plots_2022": null, "plots_2021": null, "site_ha": 167.7, "years": [2018, 2020, 2021, 2022, 2023, 2024, 2025, 2026], "ndvi_series": [0.0, 0.0, 1.86, 41.57, 4.59, 2.89, 3.35, 2.23], "gng_series": [0.0, 0.0, 1.02, 38.33, 1.81, 1.22, 0.78, 1.24], "dates": ["2018-06-28", "2020-05-03", "2021-05-23", "2022-05-10", "2023-06-09", "2024-05-19", "2025-05-22", "2026-06-23"], "span": "2018\u20132026", "bare_now_ndvi_ha": 2.23, "bare_now_gng_ha": 1.24, "bare_pct_now": 0.7, "newly_ndvi_ha": 2.23, "newly_gng_ha": 1.24, "reveg_ndvi_ha": 0.0, "reveg_gng_ha": 0.0, "rate_ndvi_ha_yr": 0.13, "rate_gng_ha_yr": -0.12, "both_cov_pct": 100.0}}, {"type": "Feature", "geometry": {"type": "Polygon", "coordinates": [[[-8.445225419079243, 53.57487263189286], [-8.445515451192108, 53.57639095545865], [-8.447012714886256, 53.57689652267476], [-8.445878316990607, 53.57870977148249], [-8.433731962412008, 53.583341361716144], [-8.430832834395636, 53.582163457648385], [-8.43159291208847, 53.58123375031084], [-8.429156481673823, 53.5807448375176], [-8.431211959954886, 53.578499836283164], [-8.428070075892741, 53.57653124036024], [-8.429289220819257, 53.57202201699329], [-8.439029076896524, 53.5725690257487], [-8.445225419079243, 53.57487263189286]]]}, "properties": {"code": "000292", "name": "Leaha Bog NHA", "county": "Galway", "designation": "NHA", "source": "NHA", "plots_2022": null, "plots_2021": null, "site_ha": 102.0, "years": [2018, 2020, 2021, 2022, 2023, 2024, 2025, 2026], "ndvi_series": [0.0, 0.1, 0.47, 6.89, 8.77, 1.94, 2.16, 4.82], "gng_series": [0.0, 0.09, 0.47, 6.23, 6.56, 0.89, 0.75, 2.56], "dates": ["2018-05-16", "2020-05-03", "2021-06-29", "2022-05-15", "2023-06-09", "2024-06-01", "2025-05-14", "2026-05-06"], "span": "2018\u20132026", "bare_now_ndvi_ha": 4.82, "bare_now_gng_ha": 2.56, "bare_pct_now": 2.5, "newly_ndvi_ha": 4.82, "newly_gng_ha": 2.56, "reveg_ndvi_ha": 0.0, "reveg_gng_ha": 0.0, "rate_ndvi_ha_yr": 0.57, "rate_gng_ha_yr": 0.27, "both_cov_pct": 100.0}}, {"type": "Feature", "geometry": {"type": "Polygon", "coordinates": [[[-8.621409868904841, 53.38109154080191], [-8.62193811976196, 53.38292582329025], [-8.62034021242849, 53.384766669426064], [-8.621670999780683, 53.38585129999609], [-8.619865014464418, 53.38721434333262], [-8.618025626502886, 53.386975660205024], [-8.607465473554324, 53.38093737236349], [-8.606276794987743, 53.38124286670528], [-8.603936362901287, 53.37659875953913], [-8.601763673210916, 53.37992564440169], [-8.5959324651712, 53.37909343059336], [-8.592584952691784, 53.38118240814836], [-8.590278313904745, 53.380200134027376], [-8.590065946558598, 53.378934566793234], [-8.585181069268003, 53.37872077143538], [-8.581022540227039, 53.37492521598114], [-8.582359045453824, 53.374441796799914], [-8.583719908994686, 53.37098459819783], [-8.586646512645823, 53.3698940148937], [-8.589651623827217, 53.37125393878516], [-8.598646914697945, 53.370069210872046], [-8.601490061921625, 53.37018479032326], [-8.602122166480418, 53.3718632237246], [-8.606907076706781, 53.37103807017378], [-8.607583148885524, 53.36882710495911], [-8.604582056273921, 53.36857572768777], [-8.604900493352346, 53.36692801534108], [-8.610405781225511, 53.3678722253424], [-8.60911253105798, 53.36638098118069], [-8.614682982572603, 53.36521287853616], [-8.61126634305251, 53.36338074242629], [-8.611361853631312, 53.360197414059634], [-8.610083414465532, 53.35843093388138], [-8.617335442063554, 53.35599969315366], [-8.61845223709288, 53.357883319681456], [-8.620280447406596, 53.35759993225535], [-8.621115896156233, 53.359829517976685], [-8.624836741529574, 53.35964879868381], [-8.624023566723848, 53.36000234748166], [-8.62555646487443, 53.36195406917925], [-8.624833905238015, 53.36282533745317], [-8.625501811969205, 53.36695822705357], [-8.624207811492687, 53.366992092224585], [-8.624776582124197, 53.36911325639953], [-8.62119112128999, 53.36887854924708], [-8.620820223703651, 53.37312510034081], [-8.627169144112058, 53.37572625631202], [-8.625499929141114, 53.37587090880815], [-8.621409868904841, 53.38109154080191]]]}, "properties": {"code": "000307", "name": "Lough Tee Bog NHA", "county": "Galway", "designation": "NHA + SAC", "source": "NHA", "plots_2022": null, "plots_2021": null, "site_ha": 447.3, "years": [2018, 2019, 2020, 2021, 2022, 2023, 2024, 2025, 2026], "ndvi_series": [0.87, 0.45, 0.22, 3.08, 62.92, 6.92, 12.28, 24.67, 33.95], "gng_series": [0.39, 0.17, 0.05, 2.74, 53.56, 1.98, 8.95, 19.26, 33.03], "dates": ["2018-05-29", "2019-05-26", "2020-05-03", "2021-06-29", "2022-05-15", "2023-06-04", "2024-06-01", "2025-05-14", "2026-05-06"], "span": "2018\u20132026", "bare_now_ndvi_ha": 33.95, "bare_now_gng_ha": 33.03, "bare_pct_now": 7.4, "newly_ndvi_ha": 32.68, "newly_gng_ha": 31.97, "reveg_ndvi_ha": 0.32, "reveg_gng_ha": 0.32, "rate_ndvi_ha_yr": 3.88, "rate_gng_ha_yr": 3.41, "both_cov_pct": 85.7}}, {"type": "Feature", "geometry": {"type": "Polygon", "coordinates": [[[-8.514017913082442, 53.30419448777337], [-8.515951335654435, 53.30437357227421], [-8.51523827183767, 53.30158058094428], [-8.517545791081229, 53.29962053652886], [-8.51788081977121, 53.297810115169746], [-8.529449962196072, 53.29892125648291], [-8.532164693382928, 53.29545396059351], [-8.534290713999468, 53.29498032219354], [-8.552525172928513, 53.30050953920421], [-8.551855084390978, 53.303178289786345], [-8.553590972041462, 53.304965182730335], [-8.550610033931001, 53.30612598375279], [-8.543883260703511, 53.30554807589378], [-8.544558264507092, 53.303813667453944], [-8.543281547594692, 53.302920966919984], [-8.541046662668608, 53.30452177469656], [-8.54215229373888, 53.30545262069383], [-8.535467447146411, 53.30695383459171], [-8.535844183681293, 53.30776474014441], [-8.531837644117966, 53.30748193419277], [-8.528483070260242, 53.30874254074527], [-8.519800616237221, 53.307779378220054], [-8.519328701327902, 53.30854629329954], [-8.514017913082442, 53.30419448777337]]]}, "properties": {"code": "000321", "name": "Raford River Bog NHA", "county": "Galway", "designation": "NHA", "source": "NHA", "plots_2022": null, "plots_2021": null, "site_ha": 242.5, "years": [2018, 2019, 2020, 2021, 2022, 2023, 2024, 2025, 2026], "ndvi_series": [3.55, 0.0, 0.87, 1.67, 0.09, 0.0, 0.01, 5.9, 11.7], "gng_series": [3.55, 0.0, 0.63, 1.67, 0.09, 0.0, 0.01, 5.9, 11.71], "dates": ["2018-05-06", "2019-07-03", "2020-05-05", "2021-05-05", "2022-05-28", "2023-06-02", "2024-05-19", "2025-05-14", "2026-05-06"], "span": "2018\u20132026", "bare_now_ndvi_ha": 11.7, "bare_now_gng_ha": 11.71, "bare_pct_now": 4.8, "newly_ndvi_ha": 8.24, "newly_gng_ha": 8.25, "reveg_ndvi_ha": 0.09, "reveg_gng_ha": 0.09, "rate_ndvi_ha_yr": 0.78, "rate_gng_ha_yr": 0.79, "both_cov_pct": 96.5}}, {"type": "Feature", "geometry": {"type": "Polygon", "coordinates": [[[-9.797072988872705, 53.72856071067031], [-9.798288471361786, 53.72822909861505], [-9.797780950466754, 53.726530547631704], [-9.808252297305142, 53.72785732233631], [-9.807704875599867, 53.724048602867875], [-9.805615916356313, 53.72203527917602], [-9.804840204212603, 53.71834090261444], [-9.805013630895994, 53.71757899344364], [-9.808386568751143, 53.71766544753952], [-9.816377878445524, 53.72073227128728], [-9.8198967548298, 53.720773788756624], [-9.819948204988107, 53.72218180818409], [-9.81615278372563, 53.723811905547365], [-9.816872673463362, 53.72418457227964], [-9.814179140576947, 53.727761279834276], [-9.819767826328079, 53.730068155338515], [-9.826969558198952, 53.72953624205294], [-9.829267950557494, 53.73150893776851], [-9.829241573469934, 53.7336035867826], [-9.822147707934942, 53.73601510527263], [-9.810895389279498, 53.733049641912906], [-9.808730718971676, 53.73122003833395], [-9.80936620505019, 53.73077828578948], [-9.79832259909721, 53.731122834401056], [-9.79676251969041, 53.73054671912717], [-9.797072988872705, 53.72856071067031]]]}, "properties": {"code": "000548", "name": "Tawnymackan Bog NHA", "county": "Mayo", "designation": "NHA", "source": "NHA", "plots_2022": null, "plots_2021": null, "site_ha": 177.4, "years": [2018, 2019, 2020, 2021, 2022, 2023, 2024, 2025, 2026], "ndvi_series": [0.0, 0.0, 0.0, 0.0, 0.24, 0.66, 0.0, 11.82, 0.63], "gng_series": [0.0, 0.0, 0.0, 0.0, 0.24, 0.59, 0.0, 11.64, 0.53], "dates": ["2018-05-24", "2019-05-09", "2020-05-28", "2021-05-18", "2022-05-28", "2023-05-28", "2024-06-01", "2025-05-07", "2026-05-27"], "span": "2018\u20132026", "bare_now_ndvi_ha": 0.63, "bare_now_gng_ha": 0.53, "bare_pct_now": 0.3, "newly_ndvi_ha": 0.63, "newly_gng_ha": 0.53, "reveg_ndvi_ha": 0.0, "reveg_gng_ha": 0.0, "rate_ndvi_ha_yr": 0.64, "rate_gng_ha_yr": 0.63, "both_cov_pct": 98.4}}, {"type": "Feature", "geometry": {"type": "Polygon", "coordinates": [[[-8.372394188161664, 53.89095248737243], [-8.37716205631029, 53.890130161940974], [-8.379272730201773, 53.89151635906271], [-8.381136625706386, 53.890863878576], [-8.387794102385516, 53.89398061032163], [-8.385428023192068, 53.89680955165736], [-8.37065521454689, 53.89731168143342], [-8.36012890169599, 53.895143945596175], [-8.347887881305827, 53.898372481436844], [-8.34507980951759, 53.88967570065076], [-8.351148879959796, 53.890472041043076], [-8.35706330842845, 53.88968590356448], [-8.358123818601678, 53.890929873471556], [-8.360983524460863, 53.891025760643124], [-8.360500558322263, 53.888197736953266], [-8.365358422727047, 53.88685901645861], [-8.366832986274861, 53.88825775172004], [-8.370757478324423, 53.88828670083733], [-8.372394188161664, 53.89095248737243]]]}, "properties": {"code": "000591", "name": "Bella Bridge Bog NHA", "county": "Roscommon", "designation": "NHA", "source": "NHA", "plots_2022": null, "plots_2021": null, "site_ha": 198.6, "years": [2018, 2019, 2020, 2021, 2023, 2024, 2025, 2026], "ndvi_series": [1.66, 0.37, 0.58, 1.82, 8.59, 11.96, 12.35, 17.53], "gng_series": [1.62, 0.36, 0.58, 1.82, 7.85, 11.39, 11.37, 16.84], "dates": ["2018-05-29", "2019-05-11", "2020-05-05", "2021-05-08", "2023-06-02", "2024-05-19", "2025-05-14", "2026-05-06"], "span": "2018\u20132026", "bare_now_ndvi_ha": 17.53, "bare_now_gng_ha": 16.84, "bare_pct_now": 8.5, "newly_ndvi_ha": 17.0, "newly_gng_ha": 16.35, "reveg_ndvi_ha": 1.55, "reveg_gng_ha": 1.54, "rate_ndvi_ha_yr": 2.15, "rate_gng_ha_yr": 2.03, "both_cov_pct": 96.9}}, {"type": "Feature", "geometry": {"type": "Polygon", "coordinates": [[[-8.377459171609903, 53.907799523839614], [-8.372096237035604, 53.90949179853317], [-8.365045591204328, 53.90950442864822], [-8.359038161615972, 53.90709846692468], [-8.360153121761035, 53.90681830568449], [-8.36022888981715, 53.90456949923723], [-8.362471576197366, 53.904762376408115], [-8.36333265294192, 53.90334055083443], [-8.358925377669184, 53.90250618554474], [-8.359701862507016, 53.90088530150797], [-8.361430963917261, 53.901084506155634], [-8.362442122313679, 53.899953380785185], [-8.372167388907462, 53.900556211155966], [-8.384985377276179, 53.903555881096075], [-8.38225480754826, 53.9071636180091], [-8.380757294109477, 53.90687582118535], [-8.380604659465451, 53.90792212366622], [-8.378517340873922, 53.90848180470738], [-8.377459171609903, 53.907799523839614]]]}, "properties": {"code": "000603", "name": "Cornaveagh Bog NHA", "county": "Roscommon", "designation": "NHA", "source": "NHA", "plots_2022": null, "plots_2021": null, "site_ha": 123.9, "years": [2018, 2019, 2020, 2021, 2022, 2023, 2024, 2025, 2026], "ndvi_series": [1.31, 0.36, 0.39, 1.44, 4.85, 5.45, 3.34, 14.5, 12.73], "gng_series": [1.31, 0.36, 0.39, 1.44, 2.05, 0.34, 1.35, 9.39, 10.76], "dates": ["2018-05-06", "2019-05-11", "2020-05-05", "2021-05-08", "2022-06-04", "2023-06-02", "2024-05-19", "2025-05-14", "2026-05-06"], "span": "2018\u20132026", "bare_now_ndvi_ha": 12.73, "bare_now_gng_ha": 10.76, "bare_pct_now": 8.7, "newly_ndvi_ha": 11.89, "newly_gng_ha": 9.93, "reveg_ndvi_ha": 0.49, "reveg_gng_ha": 0.5, "rate_ndvi_ha_yr": 1.63, "rate_gng_ha_yr": 1.1, "both_cov_pct": 98.7}}, {"type": "Feature", "geometry": {"type": "Polygon", "coordinates": [[[-8.162795151767291, 53.69175880775005], [-8.161918353614146, 53.693362320360016], [-8.159656022334989, 53.6929458854877], [-8.154761458131468, 53.699128841792316], [-8.153807834028441, 53.70308604207816], [-8.154514266827926, 53.70399003980257], [-8.146295826095338, 53.705697270226175], [-8.144749599533503, 53.703886245937404], [-8.14143360593761, 53.703050709044305], [-8.132756544594208, 53.70755059398763], [-8.127358247176568, 53.707852079892696], [-8.130038211853371, 53.703497362119265], [-8.127557474917651, 53.70157453671871], [-8.125856068079239, 53.69578499486211], [-8.128127411517436, 53.693925615495324], [-8.139716979528155, 53.690095977425436], [-8.140047597648854, 53.6873721697181], [-8.149764053925852, 53.688368396308256], [-8.15216201985954, 53.68667685921257], [-8.157727658509055, 53.6867429586179], [-8.162795151767291, 53.69175880775005]]]}, "properties": {"code": "000605", "name": "Derrycanan Bog NHA", "county": "Roscommon", "designation": "NHA", "source": "NHA", "plots_2022": null, "plots_2021": null, "site_ha": 349.7, "years": [2018, 2019, 2020, 2021, 2023, 2024, 2025, 2026], "ndvi_series": [0.0, 0.09, 0.22, 2.1, 8.38, 10.72, 26.7, 24.18], "gng_series": [0.0, 0.05, 0.15, 2.1, 2.01, 8.8, 15.53, 22.55], "dates": ["2018-05-16", "2019-05-26", "2020-07-09", "2021-06-29", "2023-06-02", "2024-06-01", "2025-05-14", "2026-05-06"], "span": "2018\u20132026", "bare_now_ndvi_ha": 24.18, "bare_now_gng_ha": 22.55, "bare_pct_now": 6.4, "newly_ndvi_ha": 24.18, "newly_gng_ha": 22.55, "reveg_ndvi_ha": 0.0, "reveg_gng_ha": 0.0, "rate_ndvi_ha_yr": 3.4, "rate_gng_ha_yr": 2.56, "both_cov_pct": 100.0}}, {"type": "Feature", "geometry": {"type": "Polygon", "coordinates": [[[-8.127169421873205, 54.072664738853575], [-8.12671430390256, 54.07165705387835], [-8.122953423835511, 54.07228335850464], [-8.123083003513813, 54.07097915532358], [-8.11931398075645, 54.06850028758644], [-8.122437457478934, 54.06603163561702], [-8.130332910664114, 54.06631703421061], [-8.133991048310088, 54.06540761838923], [-8.146285786841933, 54.069226391674995], [-8.139824623182514, 54.06954932866195], [-8.140179953814442, 54.07060396629062], [-8.137492991215783, 54.07212056567611], [-8.138633784100776, 54.07410639098914], [-8.137555893228747, 54.07556526365112], [-8.14431278754862, 54.07772530580987], [-8.138661565696427, 54.07557242135288], [-8.139947503378133, 54.07409785657985], [-8.147648394260475, 54.07640512799396], [-8.14627508139406, 54.07802418524544], [-8.146884620929441, 54.0781904892563], [-8.14878612508506, 54.07595650052414], [-8.137913808946923, 54.072129069852615], [-8.146274704441193, 54.06953719225847], [-8.145162094013536, 54.073530203220024], [-8.149179769806635, 54.074895632356515], [-8.151908914956334, 54.07421618862693], [-8.154773655910052, 54.07601270064517], [-8.159193544721557, 54.07660353830693], [-8.15619219922114, 54.07803899087518], [-8.15996329353586, 54.07932492649517], [-8.15807462209634, 54.080606218590496], [-8.163303212960903, 54.08200636080051], [-8.156578706788828, 54.08402822859142], [-8.15699986593871, 54.08530002647666], [-8.162250570582483, 54.08690232264872], [-8.162722696209181, 54.08790507585575], [-8.160547473627787, 54.09323066582622], [-8.159617568534388, 54.092289713621625], [-8.15486312759212, 54.0927914252917], [-8.143447532914157, 54.08872150881344], [-8.141291769072728, 54.08981615567624], [-8.13790869490401, 54.089226007666696], [-8.136070163744678, 54.08733642226143], [-8.13706845675052, 54.084941084509936], [-8.128347150652553, 54.08014596689566], [-8.127651741744573, 54.07733249538983], [-8.125453169368528, 54.07619665091424], [-8.124961088333029, 54.07512049494056], [-8.127169421873205, 54.072664738853575]]]}, "properties": {"code": "000617", "name": "Kilronan Mountain Bog NHA", "county": "Roscommon", "designation": "NHA", "source": "NHA", "plots_2022": null, "plots_2021": null, "site_ha": 443.3, "years": [2018, 2019, 2020, 2021, 2022, 2023, 2024, 2025, 2026], "ndvi_series": [3.59, 5.72, 0.2, 0.23, 20.33, 6.37, 3.98, 0.55, 1.43], "gng_series": [3.51, 5.72, 0.2, 0.17, 20.19, 6.1, 3.86, 0.55, 1.29], "dates": ["2018-05-29", "2019-06-28", "2020-06-02", "2021-06-27", "2022-05-15", "2023-06-22", "2024-06-23", "2025-07-11", "2026-07-13"], "span": "2018\u20132026", "bare_now_ndvi_ha": 1.43, "bare_now_gng_ha": 1.29, "bare_pct_now": 0.3, "newly_ndvi_ha": 1.4, "newly_gng_ha": 1.27, "reveg_ndvi_ha": 3.57, "reveg_gng_ha": 3.5, "rate_ndvi_ha_yr": -0.17, "rate_gng_ha_yr": -0.19, "both_cov_pct": 92.0}}, {"type": "Feature", "geometry": {"type": "Polygon", "coordinates": [[[-8.320638188229257, 53.55893062205791], [-8.310726982678519, 53.55343296948632], [-8.31747742096337, 53.54986545399807], [-8.320514957970477, 53.54688692481283], [-8.332996150130185, 53.5512628281601], [-8.344635226760591, 53.55204259271883], [-8.34677419255579, 53.546798313878305], [-8.347957100109449, 53.54790309476686], [-8.355436487387628, 53.54894469456035], [-8.356143430339424, 53.55001290129182], [-8.356162204660436, 53.55357164439195], [-8.348036402249736, 53.55475976301397], [-8.346616048923536, 53.558235497588406], [-8.342319017649679, 53.56189116335578], [-8.329003401875951, 53.559683708350285], [-8.329573658019324, 53.55900168843634], [-8.326760748268061, 53.55813900107055], [-8.327622637128622, 53.5574222210406], [-8.326589242419617, 53.55665544554274], [-8.322297441871637, 53.556671986184924], [-8.320638188229257, 53.55893062205791]]]}, "properties": {"code": "001227", "name": "Aughrim Bog NHA", "county": "Galway", "designation": "NHA + SAC", "source": "NHA", "plots_2022": null, "plots_2021": null, "site_ha": 263.3, "years": [2018, 2019, 2020, 2021, 2022, 2023, 2024, 2025, 2026], "ndvi_series": [0.63, 0.25, 0.0, 0.85, 9.45, 0.15, 0.3, 4.66, 5.4], "gng_series": [0.63, 0.25, 0.0, 0.85, 9.26, 0.15, 0.29, 4.65, 5.43], "dates": ["2018-05-16", "2019-05-11", "2020-05-05", "2021-06-27", "2022-05-10", "2023-06-02", "2024-06-01", "2025-05-14", "2026-05-26"], "span": "2018\u20132026", "bare_now_ndvi_ha": 5.4, "bare_now_gng_ha": 5.43, "bare_pct_now": 2.1, "newly_ndvi_ha": 5.12, "newly_gng_ha": 5.15, "reveg_ndvi_ha": 0.63, "reveg_gng_ha": 0.63, "rate_ndvi_ha_yr": 0.54, "rate_gng_ha_yr": 0.54, "both_cov_pct": 92.1}}, {"type": "Feature", "geometry": {"type": "MultiPolygon", "coordinates": [[[[-8.553274124487698, 53.04168579463726], [-8.550205464139509, 53.03537094600657], [-8.560286594779821, 53.0353722183685], [-8.556713017997614, 53.04037064528886], [-8.554491457138509, 53.04215257492368], [-8.553274124487698, 53.04168579463726]]], [[[-8.630072708981553, 53.05570628208809], [-8.624294676462494, 53.055214575711766], [-8.625260103976764, 53.054409792444794], [-8.616266205284878, 53.05117414535468], [-8.614332963075656, 53.049009345296554], [-8.610228370071544, 53.04856475098761], [-8.610410883526045, 53.04673960055159], [-8.605031514789909, 53.03862527684058], [-8.615269781945177, 53.03738599296937], [-8.620219278082061, 53.035161077807665], [-8.626811994794686, 53.034069187235666], [-8.628393381829286, 53.038551267382864], [-8.634562430492668, 53.04172499633474], [-8.63619652462049, 53.04487036128191], [-8.640192735880134, 53.04611913546115], [-8.638915936908218, 53.04732655603267], [-8.631991170509865, 53.04775242962584], [-8.632265387705845, 53.04886687246054], [-8.630078206084017, 53.049978782800935], [-8.63194860387646, 53.05118290583279], [-8.636111090516605, 53.05087431999309], [-8.636061209470958, 53.05326335071067], [-8.630072708981553, 53.05570628208809]]], [[[-8.552690648009742, 53.05439029586166], [-8.549612552968238, 53.05542356240561], [-8.549270499476618, 53.054417495917164], [-8.54663411599544, 53.055006951031125], [-8.546240971137344, 53.05393498252229], [-8.54453305676824, 53.05398001228605], [-8.546266732668416, 53.05289464745774], [-8.544310613654147, 53.05197051290669], [-8.548624745496047, 53.04958582552801], [-8.556793287938, 53.04725433731076], [-8.562252733871212, 53.05155255723462], [-8.556905528840826, 53.05296371303502], [-8.557453776267426, 53.05464130526854], [-8.553248783381887, 53.0556685649416], [-8.552690648009742, 53.05439029586166]]], [[[-8.406628273101656, 53.06836778740963], [-8.403628579512432, 53.06484894558296], [-8.409767531329278, 53.06349742809046], [-8.410582695760784, 53.06257894297122], [-8.409664780647834, 53.0618047199031], [-8.411385026784313, 53.06146674738021], [-8.411098530769294, 53.06023461894908], [-8.415888441845151, 53.05958507209872], [-8.416053738006653, 53.05816394402303], [-8.417534970884603, 53.05780621995556], [-8.40818099487681, 53.057275512203134], [-8.409327761923233, 53.05560336282568], [-8.410910548221635, 53.05629821864636], [-8.410047260681633, 53.054514064029945], [-8.410687543061325, 53.0526202694553], [-8.41222082828077, 53.052067698709884], [-8.414358578829955, 53.04865687843096], [-8.414650329415204, 53.04956087139978], [-8.417779734840254, 53.04848514994378], [-8.423219495463494, 53.05241099821959], [-8.426072019185586, 53.05177745567864], [-8.42884490049584, 53.054091938868694], [-8.434930906333326, 53.05479404031437], [-8.43817264040227, 53.0548812769037], [-8.438649073129683, 53.05347146505942], [-8.444479154725103, 53.05447657934103], [-8.444195202179941, 53.053261927835564], [-8.445479276143342, 53.05223910003114], [-8.45227411098019, 53.05236202584519], [-8.448864408583868, 53.05692875721854], [-8.446467273410388, 53.055875233061535], [-8.443602401132477, 53.05864027880153], [-8.435111286697731, 53.05768938063115], [-8.435201363090666, 53.05885856999443], [-8.438615370913105, 53.06096437511513], [-8.42956443836415, 53.06023219773646], [-8.428383762831517, 53.05858213682399], [-8.421679359730954, 53.06354415507004], [-8.424146335086302, 53.06543877323775], [-8.421866788471755, 53.06605465350346], [-8.419346539010498, 53.06413967851385], [-8.406628273101656, 53.06836778740963]]], [[[-8.477579186292079, 53.06730805017552], [-8.477973628642967, 53.06503818985915], [-8.47453984662143, 53.06547438210286], [-8.472283823826512, 53.061525236641266], [-8.47405950039933, 53.0580004935226], [-8.480715020382927, 53.05640387157446], [-8.480451061311642, 53.05498438237868], [-8.488746644661957, 53.05418067152134], [-8.49151381089124, 53.05125810996703], [-8.492621110712115, 53.052082308657695], [-8.491136381209023, 53.05386490869809], [-8.50728412635496, 53.054218821655155], [-8.509661356688206, 53.05336753874308], [-8.511349176936703, 53.05119029519656], [-8.515591521903474, 53.05016182667364], [-8.516998544172775, 53.05683899932507], [-8.515623826664442, 53.05708785092295], [-8.515814144491939, 53.0579604477004], [-8.502572130687156, 53.060738708682976], [-8.502131642563723, 53.058431147751], [-8.503823120436968, 53.05641840520408], [-8.491948386381361, 53.05787190837209], [-8.493523527350808, 53.06234354673153], [-8.48542294616235, 53.063977389661204], [-8.483203222355792, 53.06335588839403], [-8.483644060333663, 53.06488528547656], [-8.482109656052817, 53.06525499921409], [-8.482831099408376, 53.066491514041736], [-8.477579186292079, 53.06730805017552]]], [[[-8.553502315282083, 53.07442160131701], [-8.551854125486923, 53.06933389701429], [-8.554974578066803, 53.0689664312632], [-8.553218147492139, 53.065160247253154], [-8.563522160615936, 53.0627391814847], [-8.570877205309374, 53.06305556295614], [-8.571642312897037, 53.066362924230624], [-8.575752581051574, 53.065965024534776], [-8.582841790892411, 53.06802135696042], [-8.580357184637084, 53.06942175985487], [-8.562785455175906, 53.0733121814418], [-8.553502315282083, 53.07442160131701]]], [[[-8.423809404914872, 53.07103203060503], [-8.421102598883571, 53.068119666987364], [-8.42680894865766, 53.067555029442765], [-8.427218608470188, 53.06874582128901], [-8.429730217959111, 53.06867571202892], [-8.430169809860724, 53.07026469523201], [-8.42694431054618, 53.0693881432595], [-8.423809404914872, 53.07103203060503]]], [[[-8.43573207409308, 53.06815563062263], [-8.437445457430966, 53.07093260260703], [-8.432122436600642, 53.07053575529801], [-8.4343344232539, 53.07000739312098], [-8.433833884161858, 53.068306468929116], [-8.43573207409308, 53.06815563062263]]], [[[-8.524842415969424, 53.11487117334982], [-8.524241911781996, 53.1133847597205], [-8.530191267403806, 53.10798962019694], [-8.53336225519675, 53.10784559664153], [-8.532987998243549, 53.10552101958207], [-8.530360650367491, 53.1043468053325], [-8.54124554161631, 53.10424168575793], [-8.537618596187839, 53.104840200105535], [-8.538682011386667, 53.11422281727379], [-8.524842415969424, 53.11487117334982]]]]}, "properties": {"code": "001229", "name": "Slieve Aughty Bog NHA", "county": "Galway", "designation": "NHA + SPA", "source": "NHA", "plots_2022": null, "plots_2021": null, "site_ha": 1138.2, "years": [2018, 2020, 2021, 2023, 2024, 2025, 2026], "ndvi_series": [64.15, 2.88, 1.17, 3.96, 3.51, 41.93, 12.47], "gng_series": [64.14, 2.52, 0.01, 2.74, 3.3, 39.36, 9.57], "dates": ["2018-05-06", "2020-05-28", "2021-06-29", "2023-05-30", "2024-06-01", "2025-05-14", "2026-05-26"], "span": "2018\u20132026", "bare_now_ndvi_ha": 12.47, "bare_now_gng_ha": 9.57, "bare_pct_now": 0.8, "newly_ndvi_ha": 9.46, "newly_gng_ha": 6.59, "reveg_ndvi_ha": 59.84, "reveg_gng_ha": 59.87, "rate_ndvi_ha_yr": -2.67, "rate_gng_ha_yr": -2.98, "both_cov_pct": 93.9}}, {"type": "Feature", "geometry": {"type": "Polygon", "coordinates": [[[-8.21943012937841, 53.13617899233577], [-8.218654281942074, 53.13543000173909], [-8.223806946173259, 53.13324079851698], [-8.220219737004381, 53.131526083752945], [-8.219943506873307, 53.13196869968919], [-8.217881770442986, 53.132471732764856], [-8.225829149172839, 53.12867229545763], [-8.231579406208517, 53.128887865268915], [-8.230175924627165, 53.13095636829945], [-8.237492627358959, 53.13410050628877], [-8.230843217510577, 53.13717559583751], [-8.231419763284583, 53.13924236688382], [-8.230540968683783, 53.139636756249885], [-8.230954414479665, 53.14097940214497], [-8.22957332226558, 53.1415004099214], [-8.229650615302896, 53.14378098732341], [-8.218022276424938, 53.14206948745723], [-8.219987922780902, 53.1395304731914], [-8.218089939396265, 53.13901393349591], [-8.21943012937841, 53.13617899233577]]]}, "properties": {"code": "001240", "name": "Capira/Derrew Bog NHA", "county": "Galway", "designation": "NHA", "source": "NHA", "plots_2022": null, "plots_2021": null, "site_ha": 118.4, "years": [2018, 2019, 2020, 2021, 2022, 2023, 2024, 2025, 2026], "ndvi_series": [0.0, 0.01, 0.0, 0.01, 6.86, 5.57, 3.08, 4.63, 6.43], "gng_series": [0.0, 0.01, 0.0, 0.01, 1.64, 0.4, 1.56, 2.15, 1.7], "dates": ["2018-05-06", "2019-07-03", "2020-05-03", "2021-06-27", "2022-05-15", "2023-05-30", "2024-06-16", "2025-05-21", "2026-05-26"], "span": "2018\u20132026", "bare_now_ndvi_ha": 6.43, "bare_now_gng_ha": 1.7, "bare_pct_now": 1.4, "newly_ndvi_ha": 6.43, "newly_gng_ha": 1.7, "reveg_ndvi_ha": 0.0, "reveg_gng_ha": 0.0, "rate_ndvi_ha_yr": 0.86, "rate_gng_ha_yr": 0.28, "both_cov_pct": 100.0}}, {"type": "Feature", "geometry": {"type": "Polygon", "coordinates": [[[-9.805967617679725, 53.32086318391836], [-9.812795533574173, 53.323703219742406], [-9.811421795886869, 53.32488093006416], [-9.799671381763257, 53.32254524427283], [-9.801602409845502, 53.31725349766697], [-9.805489131572259, 53.31978589047745], [-9.807477236261352, 53.31893017103847], [-9.808704070437354, 53.31957024792921], [-9.805967617679725, 53.32086318391836]]]}, "properties": {"code": "001241", "name": "Carna Heath And Bog NHA", "county": "Galway", "designation": "NHA", "source": "NHA", "plots_2022": null, "plots_2021": null, "site_ha": 32.0, "years": [2018, 2019, 2020, 2021, 2022, 2023, 2024, 2025, 2026], "ndvi_series": [0.07, 0.0, 0.17, 0.0, 0.55, 0.45, 0.45, 0.47, 0.57], "gng_series": [0.0, 0.0, 0.17, 0.0, 0.18, 0.14, 0.33, 0.23, 0.2], "dates": ["2018-05-16", "2019-05-04", "2020-06-24", "2021-05-08", "2022-05-15", "2023-06-02", "2024-06-11", "2025-06-20", "2026-05-26"], "span": "2018\u20132026", "bare_now_ndvi_ha": 0.57, "bare_now_gng_ha": 0.2, "bare_pct_now": 0.6, "newly_ndvi_ha": 0.35, "newly_gng_ha": 0.2, "reveg_ndvi_ha": 0.0, "reveg_gng_ha": 0.0, "rate_ndvi_ha_yr": 0.07, "rate_gng_ha_yr": 0.03, "both_cov_pct": 99.5}}, {"type": "Feature", "geometry": {"type": "Polygon", "coordinates": [[[-8.345750098185036, 53.46654718886701], [-8.324784314650952, 53.46885496562448], [-8.317356313887188, 53.45771780939765], [-8.333851421109506, 53.45373571088648], [-8.340477509128215, 53.45786790737649], [-8.338984064819133, 53.460140548134035], [-8.348187715113111, 53.463438935297646], [-8.345750098185036, 53.46654718886701]]]}, "properties": {"code": "001244", "name": "Castle Ffrench East Bog NHA", "county": "Galway", "designation": "NHA", "source": "NHA", "plots_2022": null, "plots_2021": null, "site_ha": 204.1, "years": [2018, 2019, 2020, 2021, 2023, 2024, 2025, 2026], "ndvi_series": [10.57, 0.81, 2.87, 9.14, 25.97, 12.38, 39.65, 29.68], "gng_series": [6.92, 0.45, 2.32, 9.14, 0.0, 3.82, 17.78, 14.87], "dates": ["2018-05-06", "2019-05-04", "2020-07-09", "2021-06-29", "2023-06-02", "2024-06-01", "2025-05-14", "2026-05-26"], "span": "2018\u20132026", "bare_now_ndvi_ha": 29.68, "bare_now_gng_ha": 14.87, "bare_pct_now": 7.3, "newly_ndvi_ha": 24.55, "newly_gng_ha": 13.54, "reveg_ndvi_ha": 6.24, "reveg_gng_ha": 5.7, "rate_ndvi_ha_yr": 3.81, "rate_gng_ha_yr": 1.29, "both_cov_pct": 99.1}}, {"type": "Feature", "geometry": {"type": "Polygon", "coordinates": [[[-8.596746163592542, 53.52844876660763], [-8.596214959510514, 53.52577069408126], [-8.593711334455712, 53.52233842815828], [-8.591776913655126, 53.5227222875629], [-8.592954459524146, 53.526054758790714], [-8.59197384585248, 53.52767464416535], [-8.586271380852535, 53.52752119810421], [-8.58522847398517, 53.52585511796628], [-8.582809900984998, 53.525020520751596], [-8.582069607087512, 53.52162938866498], [-8.578638337868176, 53.521535546316976], [-8.582623511411374, 53.519332180538306], [-8.579431191613578, 53.515741941041725], [-8.580370144559394, 53.51469556440546], [-8.587177939121219, 53.517221492902266], [-8.593776828312793, 53.51669194833808], [-8.593960093404696, 53.518074289421435], [-8.60432366992237, 53.51998025304031], [-8.609565956637672, 53.517859898952864], [-8.610267370102461, 53.51870778202362], [-8.611938026198438, 53.51815594325787], [-8.6147645777882, 53.51871620477391], [-8.61779220017557, 53.52260159577594], [-8.615057565911961, 53.525140156212764], [-8.616857341361174, 53.526555415943875], [-8.616624551907138, 53.529102564743994], [-8.609226762264681, 53.52976996316208], [-8.598740809804985, 53.527758900482915], [-8.596746163592542, 53.52844876660763]]]}, "properties": {"code": "001254", "name": "Derrinlough Bog NHA", "county": "Galway", "designation": "NHA + SAC", "source": "NHA", "plots_2022": null, "plots_2021": null, "site_ha": 246.7, "years": [2018, 2019, 2020, 2021, 2023, 2024, 2025, 2026], "ndvi_series": [0.41, 0.65, 1.62, 0.53, 0.72, 5.01, 5.21, 7.14], "gng_series": [0.34, 0.49, 1.56, 0.48, 0.43, 4.9, 4.62, 7.08], "dates": ["2018-05-29", "2019-05-21", "2020-05-05", "2021-05-08", "2023-06-02", "2024-05-19", "2025-05-14", "2026-05-06"], "span": "2018\u20132026", "bare_now_ndvi_ha": 7.14, "bare_now_gng_ha": 7.08, "bare_pct_now": 2.9, "newly_ndvi_ha": 6.79, "newly_gng_ha": 6.8, "reveg_ndvi_ha": 0.07, "reveg_gng_ha": 0.07, "rate_ndvi_ha_yr": 0.79, "rate_gng_ha_yr": 0.77, "both_cov_pct": 92.6}}, {"type": "Feature", "geometry": {"type": "Polygon", "coordinates": [[[-8.641824676266761, 53.51909423580152], [-8.642914532425928, 53.521438638216125], [-8.629948389169588, 53.52494672002436], [-8.6292206268774, 53.52375331315782], [-8.630357774543548, 53.52252818984025], [-8.62818659803285, 53.521281864614956], [-8.627417109128672, 53.522216119775294], [-8.625357728456873, 53.52167615592318], [-8.624896336321282, 53.51942504338187], [-8.628056749780155, 53.514617717326864], [-8.636652393313144, 53.51204962799713], [-8.639190352614271, 53.51312705912049], [-8.644770968575411, 53.51290772531742], [-8.642626943723062, 53.51532132228501], [-8.640431023534099, 53.51521446921727], [-8.639269873381878, 53.51651857724627], [-8.63966390387969, 53.51822121681408], [-8.641824676266761, 53.51909423580152]]]}, "properties": {"code": "001255", "name": "Derrynagran Bog And Esker NHA", "county": "Galway", "designation": "NHA", "source": "NHA", "plots_2022": null, "plots_2021": null, "site_ha": 110.0, "years": [2018, 2019, 2020, 2021, 2022, 2023, 2024, 2025, 2026], "ndvi_series": [0.0, 0.0, 0.08, 0.02, 0.42, 0.57, 0.93, 1.24, 1.55], "gng_series": [0.0, 0.0, 0.08, 0.02, 0.08, 0.13, 0.4, 0.68, 0.96], "dates": ["2018-05-16", "2019-05-11", "2020-06-24", "2021-06-07", "2022-06-04", "2023-06-02", "2024-05-19", "2025-05-14", "2026-05-27"], "span": "2018\u20132026", "bare_now_ndvi_ha": 1.55, "bare_now_gng_ha": 0.96, "bare_pct_now": 0.9, "newly_ndvi_ha": 1.55, "newly_gng_ha": 0.96, "reveg_ndvi_ha": 0.0, "reveg_gng_ha": 0.0, "rate_ndvi_ha_yr": 0.2, "rate_gng_ha_yr": 0.11, "both_cov_pct": 100.0}}, {"type": "Feature", "geometry": {"type": "Polygon", "coordinates": [[[-8.332708738613888, 53.20924991803099], [-8.318104912261248, 53.2070779794174], [-8.30913963263111, 53.20657155919897], [-8.310232931539776, 53.20541706622152], [-8.309408972128194, 53.20490788921751], [-8.310398148180013, 53.20232543083976], [-8.322612599257278, 53.2018239657143], [-8.322229586882479, 53.200292312805], [-8.341261220450741, 53.203901717897466], [-8.340861894399344, 53.206768874121316], [-8.332903255085329, 53.20812593982786], [-8.332708738613888, 53.20924991803099]]]}, "properties": {"code": "001264", "name": "Eskerboy Bog NHA", "county": "Galway", "designation": "NHA", "source": "NHA", "plots_2022": null, "plots_2021": null, "site_ha": 131.9, "years": [2018, 2020, 2021, 2022, 2023, 2024, 2025, 2026], "ndvi_series": [0.0, 0.04, 0.05, 0.64, 0.33, 1.48, 0.16, 0.26], "gng_series": [0.0, 0.04, 0.05, 0.46, 0.09, 0.35, 0.12, 0.16], "dates": ["2018-06-28", "2020-05-05", "2021-05-18", "2022-05-28", "2023-06-07", "2024-06-01", "2025-06-20", "2026-07-13"], "span": "2018\u20132026", "bare_now_ndvi_ha": 0.26, "bare_now_gng_ha": 0.16, "bare_pct_now": 0.1, "newly_ndvi_ha": 0.26, "newly_gng_ha": 0.16, "reveg_ndvi_ha": 0.0, "reveg_gng_ha": 0.0, "rate_ndvi_ha_yr": 0.07, "rate_gng_ha_yr": 0.02, "both_cov_pct": 100.0}}, {"type": "Feature", "geometry": {"type": "Polygon", "coordinates": [[[-8.684769384276164, 53.40711461988205], [-8.688936486110746, 53.40997361695218], [-8.683990957970398, 53.41449569373797], [-8.682119780420773, 53.42143023196354], [-8.682355176305139, 53.42610842291394], [-8.672876996829782, 53.43427945547106], [-8.666962192422183, 53.433794142795236], [-8.66799208142548, 53.431706387752065], [-8.666211621501295, 53.429227186401], [-8.660093793646466, 53.42681382960681], [-8.660119497949886, 53.424284394887735], [-8.657899360357934, 53.4219870576637], [-8.65669744417004, 53.41780648998101], [-8.65851335499745, 53.41593743159779], [-8.657592482774918, 53.41351850035852], [-8.658799082099225, 53.41179823308555], [-8.656324793915555, 53.410771686320736], [-8.6569612597959, 53.4050779683061], [-8.664767008923183, 53.40523527478113], [-8.673140727693642, 53.40271707267594], [-8.674662054391264, 53.40440962293372], [-8.684769384276164, 53.40711461988205]]]}, "properties": {"code": "001280", "name": "Killaclogher Bog NHA", "county": "Galway", "designation": "NHA + SAC", "source": "NHA", "plots_2022": null, "plots_2021": null, "site_ha": 491.9, "years": [2018, 2019, 2020, 2021, 2022, 2023, 2024, 2025, 2026], "ndvi_series": [3.0, 1.45, 0.03, 1.37, 97.57, 42.34, 37.08, 43.4, 78.94], "gng_series": [2.85, 1.27, 0.03, 1.31, 50.36, 2.41, 7.28, 25.65, 52.22], "dates": ["2018-05-29", "2019-05-21", "2020-05-05", "2021-05-23", "2022-05-15", "2023-06-02", "2024-06-01", "2025-05-21", "2026-05-06"], "span": "2018\u20132026", "bare_now_ndvi_ha": 78.94, "bare_now_gng_ha": 52.22, "bare_pct_now": 10.6, "newly_ndvi_ha": 68.49, "newly_gng_ha": 41.96, "reveg_ndvi_ha": 2.27, "reveg_gng_ha": 2.13, "rate_ndvi_ha_yr": 9.08, "rate_gng_ha_yr": 4.77, "both_cov_pct": 82.1}}, {"type": "Feature", "geometry": {"type": "Polygon", "coordinates": [[[-8.307988053852698, 53.35930021095729], [-8.297504912403415, 53.35992609705771], [-8.289077134555143, 53.35834042847077], [-8.283484074260114, 53.36122467637153], [-8.274596257155459, 53.3572114406448], [-8.255105716236054, 53.35116644505645], [-8.25209684979405, 53.348707986897466], [-8.267532600844843, 53.34595912906584], [-8.271635245183123, 53.34383600620062], [-8.27100971687607, 53.34189343192915], [-8.287601343278896, 53.343449492828135], [-8.295404596890661, 53.343087059587596], [-8.302761451674701, 53.3488451771533], [-8.307988053852698, 53.35930021095729]]]}, "properties": {"code": "001283", "name": "Killure Bog NHA", "county": "Galway", "designation": "NHA", "source": "NHA", "plots_2022": null, "plots_2021": null, "site_ha": 478.1, "years": [2018, 2019, 2020, 2021, 2022, 2023, 2024, 2025, 2026], "ndvi_series": [1.56, 0.0, 0.25, 0.22, 3.94, 10.37, 6.13, 18.32, 14.82], "gng_series": [1.56, 0.0, 0.24, 0.21, 3.29, 0.85, 4.35, 8.3, 13.53], "dates": ["2018-05-16", "2019-06-20", "2020-05-05", "2021-05-05", "2022-05-28", "2023-06-02", "2024-05-19", "2025-05-14", "2026-05-06"], "span": "2018\u20132026", "bare_now_ndvi_ha": 14.82, "bare_now_gng_ha": 13.53, "bare_pct_now": 2.8, "newly_ndvi_ha": 11.48, "newly_gng_ha": 10.37, "reveg_ndvi_ha": 1.0, "reveg_gng_ha": 1.0, "rate_ndvi_ha_yr": 2.17, "rate_gng_ha_yr": 1.36, "both_cov_pct": 79.7}}, {"type": "Feature", "geometry": {"type": "Polygon", "coordinates": [[[-8.213994638439193, 53.192585845741995], [-8.216860620827582, 53.19156913019171], [-8.218234301782404, 53.193572160341596], [-8.221000047363235, 53.19270785619408], [-8.223117275879012, 53.19482808367783], [-8.225599465234476, 53.19445965493239], [-8.225882709895927, 53.19622331518261], [-8.224822601891235, 53.19727279932324], [-8.226199816155114, 53.19748598211345], [-8.22606328522152, 53.19931066558736], [-8.224245229660758, 53.200833581879245], [-8.222129069303064, 53.200890187654316], [-8.220434651344764, 53.202853513730275], [-8.213884596834287, 53.203508436495426], [-8.214284916911724, 53.204590438224876], [-8.201395189910883, 53.205081378136235], [-8.19997994534579, 53.204308781888756], [-8.20085312694208, 53.20357108898903], [-8.19798305826366, 53.20207647509813], [-8.19954025261903, 53.20171756111755], [-8.197860173954819, 53.1997603154534], [-8.198894386307186, 53.19973023653831], [-8.199302873615132, 53.19792015452092], [-8.201282006440213, 53.19798352073418], [-8.201438389101417, 53.19707911773764], [-8.199939118776774, 53.19673205724062], [-8.200547828442012, 53.19581327894334], [-8.1984169901927, 53.19497180680505], [-8.1999339074742, 53.19470491266109], [-8.199796156683686, 53.192980960842064], [-8.213994638439193, 53.192585845741995]]]}, "properties": {"code": "001303", "name": "Moorfield Bog NHA", "county": "Galway", "designation": "NHA", "source": "NHA", "plots_2022": null, "plots_2021": null, "site_ha": 208.3, "years": [2018, 2019, 2020, 2021, 2022, 2024, 2025, 2026], "ndvi_series": [0.0, 0.12, 0.0, 0.72, 4.53, 2.78, 4.16, 35.86], "gng_series": [0.0, 0.03, 0.0, 0.54, 0.91, 0.66, 0.5, 3.05], "dates": ["2018-06-28", "2019-05-26", "2020-05-03", "2021-05-30", "2022-05-28", "2024-05-19", "2025-06-20", "2026-07-15"], "span": "2018\u20132026", "bare_now_ndvi_ha": 35.86, "bare_now_gng_ha": 3.05, "bare_pct_now": 1.5, "newly_ndvi_ha": 35.86, "newly_gng_ha": 3.05, "reveg_ndvi_ha": 0.0, "reveg_gng_ha": 0.0, "rate_ndvi_ha_yr": 2.83, "rate_gng_ha_yr": 0.26, "both_cov_pct": 94.7}}, {"type": "Feature", "geometry": {"type": "Polygon", "coordinates": [[[-9.765719097594848, 54.09654867431403], [-9.765929145012791, 54.09393315037395], [-9.769564347742733, 54.092349169291495], [-9.777322336835601, 54.10038185711563], [-9.783496588811989, 54.09781198574095], [-9.78010074885959, 54.0971805226156], [-9.788636911629967, 54.09361174877838], [-9.789946020893247, 54.09163181698664], [-9.801896713158852, 54.09175274369202], [-9.801569724881416, 54.093816382174545], [-9.797597302857092, 54.0941251405259], [-9.797935961933037, 54.09542265659238], [-9.794623243355534, 54.09577143538077], [-9.79501712483905, 54.099209987162155], [-9.797664565855957, 54.101406376643766], [-9.794911831965278, 54.10069102959651], [-9.792899748252042, 54.10188180484539], [-9.795328131178877, 54.102821614760146], [-9.792019782098267, 54.110643973371246], [-9.793644059077554, 54.11093144742731], [-9.793204402435373, 54.11224618835871], [-9.794644374788676, 54.11258834158987], [-9.791520804782067, 54.11502859562185], [-9.786882779640077, 54.11517561090987], [-9.784364322786766, 54.10837272891769], [-9.782517392096024, 54.108619396443444], [-9.779485079884127, 54.10436205846353], [-9.775661564240044, 54.103349025202135], [-9.774758475831844, 54.1012157327327], [-9.765719097594848, 54.09654867431403]]]}, "properties": {"code": "001473", "name": "Bangor Erris Bog NHA", "county": "Mayo", "designation": "NHA", "source": "NHA", "plots_2022": null, "plots_2021": null, "site_ha": 246.5, "years": [2018, 2019, 2020, 2021, 2022, 2024, 2026], "ndvi_series": [1.63, 6.33, 2.21, 2.64, 61.36, 30.64, 10.93], "gng_series": [1.44, 5.45, 2.08, 1.39, 61.37, 29.53, 10.15], "dates": ["2018-06-08", "2019-05-09", "2020-05-23", "2021-05-28", "2022-05-28", "2024-06-01", "2026-07-11"], "span": "2018\u20132026", "bare_now_ndvi_ha": 10.93, "bare_now_gng_ha": 10.15, "bare_pct_now": 4.1, "newly_ndvi_ha": 8.02, "newly_gng_ha": 7.73, "reveg_ndvi_ha": 0.73, "reveg_gng_ha": 0.82, "rate_ndvi_ha_yr": 2.9, "rate_gng_ha_yr": 2.84, "both_cov_pct": 90.5}}, {"type": "Feature", "geometry": {"type": "Polygon", "coordinates": [[[-9.773845426231983, 54.227219317064396], [-9.759171593790992, 54.2235515238934], [-9.776400927967583, 54.21991475630825], [-9.781429025849956, 54.221007167256474], [-9.789782371890222, 54.22030383354091], [-9.791401616412175, 54.22788897244355], [-9.804190999793857, 54.24069697875902], [-9.803325951144487, 54.24224131298623], [-9.80383663402268, 54.24446981924882], [-9.802251684433491, 54.246815879375774], [-9.798081604114246, 54.24311765696336], [-9.79333485106445, 54.238055974903055], [-9.790205741788842, 54.23153388862893], [-9.787533725663218, 54.23156513273183], [-9.783069275870579, 54.23756026176392], [-9.778929927518394, 54.23805580611646], [-9.775560164170553, 54.23472040635225], [-9.773845426231983, 54.227219317064396]]]}, "properties": {"code": "001548", "name": "Pollatomish Bog NHA", "county": "Mayo", "designation": "NHA", "source": "NHA", "plots_2022": null, "plots_2021": null, "site_ha": 289.3, "years": [2018, 2019, 2020, 2021, 2022, 2023, 2024, 2025, 2026], "ndvi_series": [0.24, 0.75, 0.5, 2.28, 2.56, 6.59, 8.57, 0.91, 4.51], "gng_series": [0.24, 0.75, 0.5, 2.28, 2.56, 6.59, 8.59, 0.82, 4.51], "dates": ["2018-05-24", "2019-05-09", "2020-05-26", "2021-05-01", "2022-05-28", "2023-07-02", "2024-05-10", "2025-05-17", "2026-05-25"], "span": "2018\u20132026", "bare_now_ndvi_ha": 4.51, "bare_now_gng_ha": 4.51, "bare_pct_now": 1.6, "newly_ndvi_ha": 4.47, "newly_gng_ha": 4.47, "reveg_ndvi_ha": 0.2, "reveg_gng_ha": 0.2, "rate_ndvi_ha_yr": 0.63, "rate_gng_ha_yr": 0.63, "both_cov_pct": 97.1}}, {"type": "Feature", "geometry": {"type": "Polygon", "coordinates": [[[-9.833724744851704, 54.14984382988497], [-9.838125703126627, 54.14397170306579], [-9.845421087015128, 54.145382797808864], [-9.847283151722365, 54.14181293325287], [-9.851339384073466, 54.14309812138694], [-9.853812861760263, 54.145332197197185], [-9.854218793670762, 54.14289403338284], [-9.860520788710375, 54.145357590469835], [-9.861824229824144, 54.14487273109644], [-9.858687351116119, 54.14209618892316], [-9.860213701147526, 54.14059790568623], [-9.864289027766725, 54.139480210512104], [-9.8655406961669, 54.13764354797441], [-9.872117438250653, 54.13960103006157], [-9.867811242345804, 54.14419200975005], [-9.866731985689034, 54.14819146714617], [-9.868600171339171, 54.14846264655973], [-9.864167300826265, 54.15750510698669], [-9.863850105927746, 54.16489953014367], [-9.856270751232199, 54.16733255953685], [-9.853895922246355, 54.169355721555796], [-9.85361110098754, 54.17022100135894], [-9.854977136175151, 54.17034597436609], [-9.853472942518652, 54.170631112967584], [-9.851119291520044, 54.174486309226616], [-9.843938593996512, 54.174942691758275], [-9.842241887346155, 54.17343752946046], [-9.837879554074332, 54.17342950072373], [-9.828135257000886, 54.1703855693694], [-9.828999533269203, 54.16650938309346], [-9.826733414648709, 54.162721716381554], [-9.826809854413655, 54.16034818956587], [-9.830294102535369, 54.15774993787526], [-9.83571486542685, 54.15649905143759], [-9.832592946910964, 54.15347030619401], [-9.836518261130891, 54.155016594971364], [-9.841245716259397, 54.152885370487354], [-9.83858029922603, 54.151444951381215], [-9.839539358956486, 54.150190060798984], [-9.833724744851704, 54.14984382988497]]]}, "properties": {"code": "001566", "name": "Tristia Bog NHA", "county": "Mayo", "designation": "NHA", "source": "NHA", "plots_2022": null, "plots_2021": null, "site_ha": 689.2, "years": [2018, 2019, 2020, 2021, 2022, 2023, 2024, 2026], "ndvi_series": [0.68, 2.37, 9.22, 1.63, 10.32, 22.33, 1.24, 4.11], "gng_series": [0.54, 1.87, 9.13, 1.54, 10.11, 21.81, 1.24, 4.01], "dates": ["2018-06-26", "2019-05-09", "2020-05-26", "2021-06-27", "2022-05-16", "2023-06-22", "2024-05-20", "2026-07-11"], "span": "2018\u20132026", "bare_now_ndvi_ha": 4.11, "bare_now_gng_ha": 4.01, "bare_pct_now": 0.6, "newly_ndvi_ha": 4.11, "newly_gng_ha": 4.01, "reveg_ndvi_ha": 0.68, "reveg_gng_ha": 0.54, "rate_ndvi_ha_yr": 0.62, "rate_gng_ha_yr": 0.63, "both_cov_pct": 100.0}}, {"type": "Feature", "geometry": {"type": "Polygon", "coordinates": [[[-9.798167604610374, 54.120876817149366], [-9.797488133022014, 54.1199819903398], [-9.799395392181221, 54.11773077611575], [-9.807933765913345, 54.11645494571565], [-9.81142866663843, 54.112436257713114], [-9.817096968031379, 54.111233540797926], [-9.812384525451243, 54.10934807612971], [-9.805939919345494, 54.108744683091], [-9.80825019536714, 54.1072807760517], [-9.809815667232044, 54.10430896276043], [-9.803595099154357, 54.10278811419299], [-9.804769045271968, 54.09986996830471], [-9.808920411821383, 54.09711851379274], [-9.80604842377886, 54.09567937558433], [-9.806421562905294, 54.09316829574055], [-9.804983658430174, 54.09187016954655], [-9.811324336895503, 54.09095974327258], [-9.81935339676184, 54.095596848180975], [-9.825233411477814, 54.093144942639896], [-9.827331684020617, 54.09388863304102], [-9.831451676916595, 54.09140978769329], [-9.833471489500793, 54.09917487479893], [-9.846054214996101, 54.09887829891816], [-9.850435883401735, 54.09502621159032], [-9.837954644286627, 54.09445518631039], [-9.836753476496689, 54.09308165348824], [-9.839289344599349, 54.09202083433183], [-9.831381473739878, 54.089661253339806], [-9.831090754570049, 54.08492453653713], [-9.840213778612407, 54.08084723521921], [-9.841196818566782, 54.083086662518944], [-9.843249261260976, 54.084377194457815], [-9.841005571648006, 54.091014343964126], [-9.84561838259685, 54.08883240109024], [-9.846638512456163, 54.08688097419012], [-9.84497104624111, 54.086840011630514], [-9.846630306767915, 54.086381572824365], [-9.846527152643619, 54.08506400042872], [-9.844954716889204, 54.084205600534034], [-9.847364849618046, 54.08492450270454], [-9.848420867256383, 54.087115860318995], [-9.854377281445972, 54.08631603543347], [-9.860405165941678, 54.08743121197326], [-9.864976800276603, 54.08648154690282], [-9.871013052767657, 54.08237192522917], [-9.866197685772589, 54.08003163336052], [-9.86554002426219, 54.077329943919935], [-9.869111456040542, 54.076407694741306], [-9.8674438779015, 54.07411621594584], [-9.867996303765151, 54.0736005269322], [-9.863441349058473, 54.073207873425226], [-9.86286811568407, 54.071449726008204], [-9.866930344569015, 54.07058283278709], [-9.86655361463323, 54.07159026635858], [-9.873597560585317, 54.07247643862649], [-9.877193359443162, 54.070803004725406], [-9.871552748178797, 54.06930948180313], [-9.861009525329433, 54.069494419532006], [-9.86076323651885, 54.07054726945258], [-9.855929587940599, 54.07235050854742], [-9.847407680273683, 54.07365484785993], [-9.840921552788068, 54.07065379529588], [-9.840357400357847, 54.06983690163458], [-9.841838848592772, 54.06916110431144], [-9.835884163811668, 54.06722539171965], [-9.8330481114888, 54.06740005866194], [-9.836525248684357, 54.06712996354825], [-9.836535507409666, 54.06628602860301], [-9.833077016664907, 54.066281507555985], [-9.832144370617696, 54.06121199293962], [-9.84131447158969, 54.05812896492863], [-9.842205107688022, 54.06304546915753], [-9.846334085143159, 54.064069098350544], [-9.8459056640745, 54.065115726895336], [-9.84759499808061, 54.064346250224524], [-9.851778138828548, 54.06529108228682], [-9.849963968375647, 54.066945629089176], [-9.855865510210322, 54.06765946098259], [-9.858104179083302, 54.06656013146745], [-9.855977838854862, 54.06444855222166], [-9.856327517595009, 54.06345897812176], [-9.862569328617406, 54.0631235190654], [-9.866015324102879, 54.06154764267367], [-9.865887638595721, 54.05919685911581], [-9.860409682228907, 54.05614246268447], [-9.865804118708306, 54.0553072044679], [-9.867828506303312, 54.05187705571479], [-9.867468134520175, 54.05517383172282], [-9.868957627278927, 54.05631710764515], [-9.871533792481253, 54.05690489697097], [-9.873226327703286, 54.0553543975385], [-9.874751732106546, 54.05555329630411], [-9.879399036251971, 54.056924597568155], [-9.879827282629757, 54.05791865341062], [-9.885799670792856, 54.055711048274034], [-9.887773092382591, 54.052147693574796], [-9.895932691125111, 54.048529321358615], [-9.906396155832137, 54.05511083554534], [-9.909833393725533, 54.058447740218575], [-9.910231506578889, 54.06128081748911], [-9.908518543947977, 54.064856981161796], [-9.908809630126498, 54.066389993908295], [-9.910463323022913, 54.06736112019435], [-9.903442464239387, 54.07021720573892], [-9.897940678146712, 54.070499583396966], [-9.892914839817593, 54.072220307378], [-9.894436901259336, 54.07275989703949], [-9.895355641102315, 54.07827060125651], [-9.899693132151615, 54.078901072275876], [-9.897339464878902, 54.07876019788111], [-9.890683194159832, 54.081637841401374], [-9.892093559916303, 54.085305288686754], [-9.892767757464643, 54.08439923244025], [-9.894808443496176, 54.0845953910208], [-9.894427385530907, 54.085309553493175], [-9.896608501472063, 54.085583496080176], [-9.900434180242062, 54.08973586229908], [-9.900395953161132, 54.091099437335295], [-9.898517896048917, 54.092451064791184], [-9.900256910560547, 54.09239974124886], [-9.900541791177664, 54.09734927518069], [-9.896677819038993, 54.096415402682105], [-9.897641228400424, 54.09957794365264], [-9.900474265049152, 54.10088552520791], [-9.90059242608993, 54.10422986709499], [-9.893892947216967, 54.10415916958936], [-9.890567328911228, 54.10731394378692], [-9.885856066182921, 54.10497980408281], [-9.883999140984663, 54.105701608008765], [-9.881387707492198, 54.103250161423496], [-9.882015171279923, 54.09855701791755], [-9.874252637943382, 54.097488198685156], [-9.872335155397016, 54.100039282451974], [-9.871814808230031, 54.104461982720686], [-9.872956228438031, 54.10615957506193], [-9.875271584460696, 54.106345617752744], [-9.875797908243465, 54.10785930308314], [-9.864785428107083, 54.110311621219836], [-9.871955244739363, 54.112048461179576], [-9.873936703564047, 54.10966908191579], [-9.879849828284911, 54.10831609390755], [-9.880959861643406, 54.110516719558696], [-9.880254916757854, 54.11181937865817], [-9.877028172490451, 54.111568185450224], [-9.875328983289258, 54.11279281515578], [-9.880059105284776, 54.11712658640935], [-9.876988014036222, 54.115328606927854], [-9.877037432468299, 54.11799057739416], [-9.874036906902344, 54.1184599321847], [-9.872742189398247, 54.11975572039415], [-9.872253898212232, 54.123803333921266], [-9.849953420576302, 54.12667782844148], [-9.850362752362955, 54.12505475051104], [-9.848040551711144, 54.1232127923307], [-9.845504378166854, 54.123050945804934], [-9.84424339632689, 54.120433102632795], [-9.844434422935864, 54.125518077174284], [-9.835277669281703, 54.124577865427455], [-9.835479243320123, 54.125593773462946], [-9.82810060096277, 54.128551586673076], [-9.819115034976551, 54.13043142474618], [-9.817296163988974, 54.13184234260197], [-9.817044601756301, 54.135544392924736], [-9.816037610958414, 54.13581538724149], [-9.816098718766918, 54.13313238409802], [-9.8176248719756, 54.1305508096361], [-9.827227485683018, 54.126614490616255], [-9.826238978027513, 54.125519257320335], [-9.827070622348348, 54.12126953691556], [-9.825085002645919, 54.119093510642095], [-9.821674811116887, 54.11851930189588], [-9.812561346802672, 54.12182026639369], [-9.798167604610374, 54.120876817149366]], [[-9.836139238499378, 54.11216985050115], [-9.841925108249058, 54.11252535566357], [-9.841960597348468, 54.111145573184], [-9.84824285259801, 54.116052358956104], [-9.847680545222945, 54.11126987654975], [-9.846338132602481, 54.11185262291065], [-9.845015918641469, 54.110547575663695], [-9.840130863375084, 54.10975810712791], [-9.836139238499378, 54.11216985050115]], [[-9.823158891303267, 54.106691066707164], [-9.825965498073792, 54.10760880754525], [-9.82865044358098, 54.10522400543189], [-9.828424372371808, 54.10378614983201], [-9.825865184831025, 54.10382192307332], [-9.825970007400644, 54.10542756910054], [-9.821293038479379, 54.10488829748738], [-9.821047631951869, 54.107798739178385], [-9.823158891303267, 54.106691066707164]], [[-9.840005038152395, 54.10764765035611], [-9.860947780979517, 54.1060286045886], [-9.856303762746299, 54.103567608817045], [-9.85727796049298, 54.102575142910666], [-9.85614626926709, 54.10158962132452], [-9.852631265531336, 54.10341165312355], [-9.850394938438466, 54.10289375156427], [-9.849140927588495, 54.10113394204402], [-9.851843226839542, 54.099008633742535], [-9.848455473261145, 54.09801338041326], [-9.843795242242741, 54.1014695334651], [-9.845988210517959, 54.104301372053236], [-9.842813105244502, 54.10415657793318], [-9.842919447281712, 54.10655486072464], [-9.836193630908019, 54.106757926764764], [-9.837329458498576, 54.10913881296988], [-9.840005038152395, 54.10764765035611]], [[-9.883298826939605, 54.09649978387394], [-9.887235608038024, 54.09602392520049], [-9.887524701676904, 54.09500235882383], [-9.88592237029939, 54.09332532360234], [-9.888189388639251, 54.09141996582903], [-9.889130854326089, 54.08851807312908], [-9.88209899493202, 54.08765562774221], [-9.88395572919738, 54.089650798826824], [-9.883720625182194, 54.09124853953497], [-9.878774955843097, 54.09351100285065], [-9.883298826939605, 54.09649978387394]], [[-9.844241269720145, 54.0706992505203], [-9.84506640720274, 54.071163099111445], [-9.84671310453349, 54.0713795890639], [-9.845084960672695, 54.06994221396444], [-9.844241269720145, 54.0706992505203]]]}, "properties": {"code": "001567", "name": "Tullaghan Bay And Bog NHA", "county": "Mayo", "designation": "NHA + SPA", "source": "NHA", "plots_2022": null, "plots_2021": null, "site_ha": 2748.8, "years": [2018, 2019, 2020, 2021, 2022, 2024, 2026], "ndvi_series": [1210.05, 772.56, 772.09, 858.93, 1349.13, 1316.68, 1328.67], "gng_series": [515.21, 390.21, 113.01, 69.31, 174.05, 547.31, 663.16], "dates": ["2018-06-26", "2019-05-04", "2020-05-23", "2021-05-28", "2022-06-05", "2024-05-20", "2026-07-14"], "span": "2018\u20132026", "bare_now_ndvi_ha": 1328.67, "bare_now_gng_ha": 663.16, "bare_pct_now": 24.1, "newly_ndvi_ha": 107.64, "newly_gng_ha": 315.73, "reveg_ndvi_ha": 9.42, "reveg_gng_ha": 184.63, "rate_ndvi_ha_yr": 57.31, "rate_gng_ha_yr": 34.23, "both_cov_pct": 99.3}}, {"type": "Feature", "geometry": {"type": "Polygon", "coordinates": [[[-9.471464476076335, 54.21605473274847], [-9.466517327106422, 54.210351973726176], [-9.471689480577897, 54.21011034335875], [-9.477309477761368, 54.20541223678214], [-9.479279099934907, 54.205465002111644], [-9.49182069666491, 54.21265363408466], [-9.495224588452858, 54.217738307440165], [-9.481749636126292, 54.21897841728894], [-9.479707985320136, 54.22278911726662], [-9.480933832451894, 54.224291056220714], [-9.47971178687138, 54.226507297314], [-9.477364617104852, 54.227725711710725], [-9.470605213947115, 54.22470420326519], [-9.467856834644332, 54.23100642978116], [-9.466361841923566, 54.23154713776225], [-9.45430694267766, 54.23469039917062], [-9.449643738405637, 54.23338962623288], [-9.450917069056542, 54.232502520889796], [-9.450572482252884, 54.23101579152127], [-9.452349236800632, 54.22739354592606], [-9.446327343434731, 54.22193062592407], [-9.449309555691759, 54.218926235102714], [-9.451144675581672, 54.21356000413462], [-9.460185533723143, 54.21498322413391], [-9.464391807513394, 54.21453152226556], [-9.465699617391765, 54.22105725741297], [-9.469132927937089, 54.2236397966735], [-9.478675986577715, 54.22386421562142], [-9.479760349869938, 54.218413807849586], [-9.471464476076335, 54.21605473274847]]]}, "properties": {"code": "001570", "name": "Ummerantarry Bog NHA", "county": "Mayo", "designation": "NHA", "source": "NHA", "plots_2022": null, "plots_2021": null, "site_ha": 419.0, "years": [2018, 2020, 2022, 2023, 2024, 2025, 2026], "ndvi_series": [0.0, 0.07, 1.58, 5.61, 29.34, 39.33, 0.49], "gng_series": [0.0, 0.07, 1.54, 5.57, 29.32, 39.1, 0.47], "dates": ["2018-05-29", "2020-05-03", "2022-05-28", "2023-06-22", "2024-06-01", "2025-05-02", "2026-07-11"], "span": "2018\u20132026", "bare_now_ndvi_ha": 0.49, "bare_now_gng_ha": 0.47, "bare_pct_now": 0.1, "newly_ndvi_ha": 0.49, "newly_gng_ha": 0.47, "reveg_ndvi_ha": 0.0, "reveg_gng_ha": 0.0, "rate_ndvi_ha_yr": 2.94, "rate_gng_ha_yr": 2.93, "both_cov_pct": 100.0}}, {"type": "Feature", "geometry": {"type": "Polygon", "coordinates": [[[-7.945611026611434, 53.39769686324147], [-7.941291240724909, 53.39427983420604], [-7.944416928620258, 53.39280430253496], [-7.943440002816813, 53.39149976345717], [-7.941404357794279, 53.3921337573521], [-7.941018326587676, 53.39056022158514], [-7.942296981475398, 53.38890214841476], [-7.939753196216108, 53.387418511354035], [-7.9361335242986755, 53.388033772476305], [-7.933437179031167, 53.38652127862348], [-7.934436648303444, 53.379796047324675], [-7.936188758979562, 53.379876462219904], [-7.941716833792322, 53.37409384289027], [-7.945326597259275, 53.37235233990952], [-7.9506311832882846, 53.37337600310637], [-7.952258861876765, 53.37159048971882], [-7.970623617155249, 53.37694223918242], [-7.972723590883345, 53.377784380303694], [-7.972254154056771, 53.38010294761295], [-7.974734665009724, 53.38058111118905], [-7.973119832797941, 53.38230361590109], [-7.97571822428415, 53.38463815816186], [-7.97486814199819, 53.38590387244716], [-7.975956704804367, 53.38891475285006], [-7.9721437570299996, 53.38977450064724], [-7.970195563785467, 53.39199975897235], [-7.97170753722663, 53.39239616951843], [-7.970020374565908, 53.396942403010144], [-7.960296935987686, 53.398161766680026], [-7.96060834355597, 53.397465398889594], [-7.955724359239871, 53.39745960244674], [-7.95486793717041, 53.39858702623513], [-7.947825855887901, 53.3991633818503], [-7.947732801204094, 53.397669318898956], [-7.945611026611434, 53.39769686324147]]]}, "properties": {"code": "001623", "name": "Carrickynaghtan Bog NHA", "county": "Roscommon", "designation": "NHA", "source": "NHA", "plots_2022": null, "plots_2021": null, "site_ha": 598.0, "years": [2018, 2019, 2020, 2021, 2022, 2023, 2024, 2025, 2026], "ndvi_series": [0.73, 2.14, 0.08, 0.63, 93.79, 6.03, 8.22, 17.03, 18.88], "gng_series": [0.72, 2.11, 0.08, 0.61, 92.92, 3.41, 6.53, 12.77, 17.67], "dates": ["2018-05-06", "2019-07-03", "2020-05-28", "2021-06-29", "2022-06-04", "2023-06-09", "2024-05-19", "2025-05-14", "2026-05-06"], "span": "2018\u20132026", "bare_now_ndvi_ha": 18.88, "bare_now_gng_ha": 17.67, "bare_pct_now": 3.0, "newly_ndvi_ha": 18.38, "newly_gng_ha": 17.18, "reveg_ndvi_ha": 0.25, "reveg_gng_ha": 0.25, "rate_ndvi_ha_yr": 2.32, "rate_gng_ha_yr": 1.92, "both_cov_pct": 99.2}}, {"type": "Feature", "geometry": {"type": "Polygon", "coordinates": [[[-8.320250998453215, 53.91253987397411], [-8.321628717562849, 53.91221051988687], [-8.32242193492966, 53.909926972288645], [-8.325107448015665, 53.90895730930803], [-8.33742647271144, 53.90823214771046], [-8.345329669792113, 53.91289132019171], [-8.345477453779527, 53.915185515852], [-8.33613077265362, 53.914666216770975], [-8.330904091636228, 53.915596258256436], [-8.330764615233322, 53.91678452016036], [-8.326642009419391, 53.916144154657594], [-8.326292969735244, 53.914316258149185], [-8.320250998453215, 53.91253987397411]]]}, "properties": {"code": "001652", "name": "Tullaghan Bog (Roscommon) NHA", "county": "Roscommon", "designation": "NHA", "source": "NHA", "plots_2022": null, "plots_2021": null, "site_ha": 99.3, "years": [2018, 2019, 2020, 2021, 2022, 2023, 2024, 2025, 2026], "ndvi_series": [0.81, 0.0, 0.0, 0.17, 0.87, 0.43, 12.96, 1.95, 2.25], "gng_series": [0.3, 0.0, 0.0, 0.17, 0.65, 0.02, 12.96, 0.86, 1.88], "dates": ["2018-05-29", "2019-05-04", "2020-05-05", "2021-06-27", "2022-05-28", "2023-06-02", "2024-05-19", "2025-05-14", "2026-05-06"], "span": "2018\u20132026", "bare_now_ndvi_ha": 2.25, "bare_now_gng_ha": 1.88, "bare_pct_now": 1.9, "newly_ndvi_ha": 2.03, "newly_gng_ha": 1.74, "reveg_ndvi_ha": 0.81, "reveg_gng_ha": 0.3, "rate_ndvi_ha_yr": 0.63, "rate_gng_ha_yr": 0.58, "both_cov_pct": 91.4}}, {"type": "Feature", "geometry": {"type": "Polygon", "coordinates": [[[-8.072331766782522, 53.652034400019765], [-8.072974083835703, 53.65082952264645], [-8.07054642146354, 53.648412443567274], [-8.07126446704837, 53.64798637860262], [-8.074953941162804, 53.6505413626283], [-8.080970452323971, 53.64810405902122], [-8.085955173840041, 53.64809723150843], [-8.08164428930031, 53.65472717363369], [-8.080032130465455, 53.65471421884522], [-8.07730968659982, 53.65686245869053], [-8.079529944948113, 53.65899399524982], [-8.070571848682906, 53.65959677030698], [-8.06489184077622, 53.658346622277996], [-8.064856897320237, 53.65387739895059], [-8.068260338171466, 53.651741972138794], [-8.072331766782522, 53.652034400019765]]]}, "properties": {"code": "002072", "name": "Lisnanarriagh Bog NHA", "county": "Roscommon", "designation": "NHA", "source": "NHA", "plots_2022": null, "plots_2021": null, "site_ha": 109.0, "years": [2018, 2019, 2020, 2021, 2022, 2023, 2024, 2025, 2026], "ndvi_series": [0.0, 0.4, 0.57, 0.84, 19.99, 2.43, 3.64, 5.96, 4.74], "gng_series": [0.0, 0.14, 0.57, 0.68, 19.95, 1.12, 2.74, 3.46, 3.34], "dates": ["2018-05-16", "2019-07-03", "2020-07-09", "2021-05-30", "2022-05-10", "2023-06-02", "2024-06-01", "2025-05-14", "2026-05-26"], "span": "2018\u20132026", "bare_now_ndvi_ha": 4.74, "bare_now_gng_ha": 3.34, "bare_pct_now": 3.1, "newly_ndvi_ha": 4.74, "newly_gng_ha": 3.34, "reveg_ndvi_ha": 0.0, "reveg_gng_ha": 0.0, "rate_ndvi_ha_yr": 0.72, "rate_gng_ha_yr": 0.47, "both_cov_pct": 100.0}}, {"type": "Feature", "geometry": {"type": "Polygon", "coordinates": [[[-8.147466936643891, 54.1249637617371], [-8.140602637268461, 54.12375351362711], [-8.135053142296487, 54.11983867940434], [-8.125649415378284, 54.120079316837874], [-8.123566065226516, 54.1181735210373], [-8.119022544531742, 54.11657446483652], [-8.115607416836877, 54.11224447509828], [-8.1168135721919, 54.111527975309215], [-8.117067524182003, 54.107864561033416], [-8.122890082013377, 54.10738095123008], [-8.128899050829464, 54.109211327688456], [-8.132427063571175, 54.10930717606112], [-8.13262104066877, 54.10847988671668], [-8.138573166549241, 54.109921571621456], [-8.139661452807113, 54.10788799983429], [-8.141762668008528, 54.108448446133075], [-8.14033741248409, 54.11084543325603], [-8.145619471735314, 54.11158764732845], [-8.153718537666274, 54.11578373849055], [-8.152380121033937, 54.11913472719545], [-8.147466936643891, 54.1249637617371]]]}, "properties": {"code": "002321", "name": "Corry Mountain Bog NHA", "county": "Roscommon", "designation": "NHA", "source": "NHA", "plots_2022": null, "plots_2021": null, "site_ha": 285.7, "years": [2018, 2019, 2021, 2022, 2023, 2024, 2025, 2026], "ndvi_series": [5.53, 27.59, 0.36, 10.5, 7.38, 26.35, 7.94, 7.25], "gng_series": [3.28, 27.59, 0.13, 9.16, 6.28, 24.87, 5.5, 4.81], "dates": ["2018-05-29", "2019-06-28", "2021-06-27", "2022-05-28", "2023-06-22", "2024-05-17", "2025-06-20", "2026-07-15"], "span": "2018\u20132026", "bare_now_ndvi_ha": 7.25, "bare_now_gng_ha": 4.81, "bare_pct_now": 1.7, "newly_ndvi_ha": 3.83, "newly_gng_ha": 3.52, "reveg_ndvi_ha": 2.51, "reveg_gng_ha": 2.35, "rate_ndvi_ha_yr": -0.28, "rate_gng_ha_yr": -0.44, "both_cov_pct": 98.2}}, {"type": "Feature", "geometry": {"type": "Polygon", "coordinates": [[[-8.28505280127313, 53.389428317429584], [-8.283884207036316, 53.38949666007286], [-8.284061349095683, 53.3914139668205], [-8.272855130059998, 53.393887343916845], [-8.27199311875749, 53.39269978409096], [-8.259429608542433, 53.389821491935216], [-8.260375516901904, 53.38834969384429], [-8.25871055653797, 53.388122366171494], [-8.25882529620529, 53.38628497500499], [-8.255585860840327, 53.38161063658898], [-8.257285730214678, 53.38128507563612], [-8.256404196582247, 53.379546412518856], [-8.258880833727433, 53.37704170906113], [-8.267742807633061, 53.375644820557454], [-8.272031469980853, 53.376483657627624], [-8.279678657186826, 53.378703269805285], [-8.283366391532386, 53.38103755852803], [-8.280622338781974, 53.38304206489478], [-8.284909870370287, 53.38644873883987], [-8.28505280127313, 53.389428317429584]]]}, "properties": {"code": "002344", "name": "Annaghbeg Bog NHA", "county": "Galway", "designation": "NHA", "source": "NHA", "plots_2022": null, "plots_2021": null, "site_ha": 272.9, "years": [2018, 2019, 2020, 2021, 2022, 2023, 2024, 2025, 2026], "ndvi_series": [0.62, 0.23, 0.61, 0.43, 0.0, 1.56, 2.41, 29.44, 16.74], "gng_series": [0.62, 0.22, 0.62, 0.42, 0.0, 0.41, 0.97, 24.98, 16.14], "dates": ["2018-05-06", "2019-06-18", "2020-05-05", "2021-05-05", "2022-05-28", "2023-06-02", "2024-05-19", "2025-05-14", "2026-05-06"], "span": "2018\u20132026", "bare_now_ndvi_ha": 16.74, "bare_now_gng_ha": 16.14, "bare_pct_now": 5.9, "newly_ndvi_ha": 16.13, "newly_gng_ha": 15.53, "reveg_ndvi_ha": 0.01, "reveg_gng_ha": 0.01, "rate_ndvi_ha_yr": 2.61, "rate_gng_ha_yr": 2.28, "both_cov_pct": 95.3}}, {"type": "Feature", "geometry": {"type": "MultiPolygon", "coordinates": [[[[-9.12334114781437, 53.28890691878742], [-9.118545941874727, 53.28968050609998], [-9.115736052302617, 53.2879779370722], [-9.117736136443405, 53.28740309211474], [-9.116968355809748, 53.28680136980897], [-9.118573869983788, 53.28566299041348], [-9.117099501952953, 53.28530783470474], [-9.119691874533288, 53.281382806860385], [-9.131885941339094, 53.28382975004395], [-9.131204327167488, 53.28508998547336], [-9.13212752210231, 53.28660147768723], [-9.129372031623875, 53.28673514009011], [-9.126847561447889, 53.28966163544307], [-9.12334114781437, 53.28890691878742]]], [[[-9.10075268518255, 53.29281010604472], [-9.096194088429057, 53.28997501574193], [-9.099170338655785, 53.29042456899977], [-9.097280259675442, 53.288878761482735], [-9.09860966664934, 53.287831784408304], [-9.102558436141761, 53.28862511804261], [-9.102737314742983, 53.28670911821288], [-9.106151469596087, 53.2878863522419], [-9.10550866430747, 53.28880280031392], [-9.106365842991105, 53.28955946925234], [-9.107527242960103, 53.28944844920462], [-9.10711675067057, 53.28817995900568], [-9.108175901873668, 53.28856029584882], [-9.106421942152453, 53.29101910290834], [-9.102542351116988, 53.29097204128106], [-9.102901410453498, 53.29174892211063], [-9.10075268518255, 53.29281010604472]]], [[[-9.23056458426482, 53.34172406911241], [-9.219010942964731, 53.34127048774857], [-9.222863847891587, 53.33878797920657], [-9.220587309009792, 53.33747537564205], [-9.214274691520574, 53.33758946198013], [-9.214909678686693, 53.330758581382135], [-9.206939965200977, 53.329803989759704], [-9.20387807924801, 53.32651796621837], [-9.20168569089396, 53.326649572225975], [-9.200703956090495, 53.32899865525722], [-9.195636832896843, 53.33120592370325], [-9.195653474732632, 53.32855486898357], [-9.193300054442513, 53.32893363360698], [-9.191789451524999, 53.32601226600598], [-9.188737947575058, 53.325946243615704], [-9.189085130280906, 53.32403545489227], [-9.195814288727854, 53.3187595223346], [-9.190686420351145, 53.3185183431594], [-9.189819092942017, 53.31639684505125], [-9.187996246776427, 53.31658011578514], [-9.185463279186258, 53.314785721919385], [-9.195699355885186, 53.311639441761486], [-9.198169698883108, 53.31195588370309], [-9.2000344940156, 53.314345588348495], [-9.201800547394148, 53.31404252192025], [-9.200096778870853, 53.311470627889086], [-9.198720129629972, 53.311758982813984], [-9.19804158137243, 53.30899874960562], [-9.198765703490078, 53.30850541099247], [-9.19597493576028, 53.30640958061434], [-9.19038010505405, 53.308701117389546], [-9.190055035381343, 53.30969811193513], [-9.180817521399794, 53.311210586865734], [-9.176958954766626, 53.31617084333807], [-9.177939829291798, 53.31949327286528], [-9.174964490187229, 53.32199040914258], [-9.172742755194403, 53.322200818011595], [-9.172615815526788, 53.32347661281193], [-9.17047147562837, 53.324243324327526], [-9.168266802697914, 53.325800333903416], [-9.167307008141892, 53.32602959057852], [-9.170486568976399, 53.32395942841125], [-9.168915733973847, 53.32242986754717], [-9.170120484604501, 53.322170818240004], [-9.170206046520985, 53.320772722978845], [-9.167078802758018, 53.319066883765686], [-9.167648424972857, 53.316359882995705], [-9.165832865747637, 53.31557482778799], [-9.163063024142353, 53.31651782198193], [-9.161451782683995, 53.31540147271367], [-9.160835392636422, 53.31259638946695], [-9.164674119183017, 53.31035176142714], [-9.16860870944746, 53.31038784744217], [-9.16722158566486, 53.3086628525591], [-9.168459233977822, 53.30780665642615], [-9.167637258432082, 53.30617328719157], [-9.171020774494318, 53.30513514798238], [-9.167798631293131, 53.30444170127512], [-9.171320812446904, 53.30173943661864], [-9.168228313054227, 53.300909242909206], [-9.1663861573232, 53.297192906046256], [-9.16323331485908, 53.294307014829705], [-9.164257262209086, 53.29279095529459], [-9.163490981709463, 53.29201345390461], [-9.16950253296638, 53.2918943053418], [-9.169447574003637, 53.29109596677887], [-9.16588856238439, 53.290485800375244], [-9.163332024249849, 53.291540170529466], [-9.163494574927778, 53.2882214907144], [-9.170442111012692, 53.290615031149535], [-9.17865233587659, 53.28688477282456], [-9.177832793128895, 53.2820202676584], [-9.17674489235862, 53.28092998292558], [-9.179794136884869, 53.280316780703], [-9.181443344313736, 53.27852972569608], [-9.180254915259576, 53.277285044444824], [-9.180826309385512, 53.27645916885454], [-9.175408545885213, 53.273014452340455], [-9.174539541486734, 53.274469419839896], [-9.172362183387849, 53.274178588780764], [-9.16822078016133, 53.27836384388745], [-9.162449887785913, 53.27713415122857], [-9.163298785412355, 53.28122402331071], [-9.174552499104468, 53.28237188119977], [-9.175784683002433, 53.28395679818527], [-9.16332569561868, 53.28208989110658], [-9.163411485837841, 53.28367459540842], [-9.160150219640203, 53.28409751010188], [-9.160937112973885, 53.28611849903116], [-9.163385625829582, 53.28654378661656], [-9.156087129867283, 53.287834392835855], [-9.1549559857497, 53.28687181409248], [-9.155408917033897, 53.2836987368797], [-9.15478530920148, 53.282996034182055], [-9.152157247775003, 53.28383239656675], [-9.150252286812572, 53.28081139575377], [-9.152285398894662, 53.28022666378845], [-9.152678936414002, 53.27814957120147], [-9.154737509454952, 53.27698132847944], [-9.16151017593932, 53.27764621965197], [-9.162048477790615, 53.27688225269771], [-9.158907003386455, 53.27577444763041], [-9.166529409695203, 53.27232856962319], [-9.165841949525731, 53.27090643440585], [-9.167787776435949, 53.268552816930615], [-9.177917249186807, 53.266226877384824], [-9.176782775406629, 53.26415045304991], [-9.17912629172627, 53.263509965730655], [-9.178074133710266, 53.260930525395175], [-9.182018248392362, 53.25486421990871], [-9.183403340624084, 53.256218974870784], [-9.183221302472086, 53.258310232700744], [-9.185776627732526, 53.25921402870302], [-9.187066768680564, 53.2585379386353], [-9.18696527930365, 53.256542303493255], [-9.188821334108884, 53.25642413055163], [-9.188825000953328, 53.25348675768661], [-9.189881232787883, 53.25299450704568], [-9.191946175999869, 53.25357929708572], [-9.191615332133676, 53.25672450603516], [-9.192646575844162, 53.25685572186418], [-9.191592634038143, 53.259239740741734], [-9.192737020572679, 53.25934118427687], [-9.19291583163786, 53.2579457725419], [-9.19665818183708, 53.2581357320993], [-9.194912235648237, 53.261404370959625], [-9.196111272591518, 53.26144795027274], [-9.195906183821716, 53.263413237632555], [-9.199958416888261, 53.26393568670306], [-9.199341074247489, 53.26463196888618], [-9.200956026405924, 53.265099260358035], [-9.202131761571646, 53.26412847470386], [-9.204038099109233, 53.26448552170476], [-9.198200526272688, 53.26727047973365], [-9.20337315634592, 53.268647408415944], [-9.20368116035605, 53.27049170001706], [-9.2053927360856, 53.26979655929713], [-9.21129418056023, 53.27135588191381], [-9.210283836237668, 53.2732977781801], [-9.20444860805555, 53.2730485204605], [-9.203004397374325, 53.27552165862825], [-9.203627391860346, 53.27733721846242], [-9.202164103756271, 53.27685383172716], [-9.20023096414441, 53.27821833986919], [-9.201582979832338, 53.27885099432929], [-9.197937741133034, 53.279673901852476], [-9.198798614921872, 53.28072822837163], [-9.1973832711872, 53.28089800748823], [-9.197564187499337, 53.28165042422515], [-9.200403313936448, 53.28158566612575], [-9.199070569198115, 53.28679109212324], [-9.20011305990751, 53.287100441993665], [-9.198003007715057, 53.28880140389935], [-9.199578970971553, 53.28950512242664], [-9.194894668601389, 53.29329254349523], [-9.196715742739753, 53.2940591295154], [-9.1997157388254, 53.291664794794926], [-9.202255864025755, 53.293320521724986], [-9.1989656195339, 53.295140089550785], [-9.205207822908472, 53.29611335375916], [-9.217332814940642, 53.289950492865756], [-9.21721445948576, 53.29180850243246], [-9.226081290122442, 53.29148408112369], [-9.226125486471242, 53.29347367149617], [-9.223354498458411, 53.29403886929792], [-9.226289665113349, 53.29545893858468], [-9.230564048086238, 53.29419442192639], [-9.232718163300536, 53.29513407272122], [-9.227550264443751, 53.29883314796301], [-9.228623056155284, 53.29878026616962], [-9.231570794495354, 53.2983182826402], [-9.234709603120987, 53.295268622594214], [-9.235963664404094, 53.29565774715035], [-9.23956032035779, 53.29209832933056], [-9.239830131536756, 53.28997743185147], [-9.242276401152765, 53.28697013994083], [-9.241014570394645, 53.28637477315531], [-9.238920129152662, 53.28845300132708], [-9.232957503219795, 53.286408193364615], [-9.237522729146402, 53.28753229200927], [-9.23864793260927, 53.28532403535371], [-9.240966815959844, 53.28568477571246], [-9.242431761659443, 53.28209631039322], [-9.24518103722865, 53.283200685220955], [-9.244959973034437, 53.28062437652949], [-9.243171309220196, 53.279249264728065], [-9.23710994942354, 53.279268053686756], [-9.237963070489537, 53.276299818798215], [-9.227216785905778, 53.27255220971413], [-9.225256608436956, 53.27341996411844], [-9.224777695099045, 53.27110727507297], [-9.2257198076478, 53.270169964909044], [-9.220148595103437, 53.271421200605204], [-9.220427195430824, 53.26993290330261], [-9.222608701295766, 53.270348473308935], [-9.22108242096329, 53.26807261614967], [-9.223574440118806, 53.26765760386404], [-9.22244716485707, 53.26597016297848], [-9.223344236754818, 53.26434283686351], [-9.225824024167407, 53.263287389789774], [-9.231281469736354, 53.263909876253784], [-9.22884427764693, 53.2618570664293], [-9.229578700392182, 53.26080743470777], [-9.235436585174337, 53.25971340013932], [-9.235710902498624, 53.26542870455911], [-9.238833254257665, 53.265183464944364], [-9.239326389470303, 53.26638074307256], [-9.237442571137736, 53.26725113753751], [-9.240238376244228, 53.26931717376762], [-9.239868448962095, 53.26751559262743], [-9.242440853661185, 53.268240957906315], [-9.243433884560712, 53.26570786840451], [-9.241563622093603, 53.26605196141616], [-9.240736560329873, 53.26278583415589], [-9.237929063432368, 53.2631064814974], [-9.238200809531197, 53.2616146981973], [-9.2413741418117, 53.26036639156259], [-9.241480272638452, 53.25851675375897], [-9.244878900004757, 53.25882587336464], [-9.245405001246974, 53.25729785962812], [-9.249330031922998, 53.256526716124526], [-9.249485845441148, 53.25909374120774], [-9.250998034895318, 53.25916493825491], [-9.251511707890113, 53.256741120895796], [-9.25468989156082, 53.25744427635746], [-9.255049312606793, 53.25591727112055], [-9.256555606724074, 53.255283499177956], [-9.255539176299829, 53.25899001351179], [-9.257588156191941, 53.25981982466122], [-9.26243087140239, 53.25617211388278], [-9.263906642999654, 53.25614637380878], [-9.26339486839013, 53.25917873069405], [-9.266178024297922, 53.25618953207181], [-9.264111817452354, 53.259694834692446], [-9.261041252807429, 53.26165464409729], [-9.261472122488794, 53.26345762523013], [-9.267150944058953, 53.2625470093704], [-9.271947839980605, 53.264494434887794], [-9.271848722746663, 53.258580759092894], [-9.272721721049628, 53.25824164007489], [-9.276212392284824, 53.25917760771633], [-9.274902140724146, 53.261851547224055], [-9.279638887302669, 53.263547566392575], [-9.282396096047393, 53.26011852470674], [-9.284589963122508, 53.2591415796083], [-9.292591631017588, 53.2598985226483], [-9.294274508313727, 53.26099745538639], [-9.27966355778611, 53.271366593379724], [-9.277612333623434, 53.27007048499747], [-9.278231048216316, 53.268670924332135], [-9.276111065020167, 53.26803668271838], [-9.277193631162156, 53.264881484948766], [-9.2751915230986, 53.26466829593899], [-9.275582353242973, 53.26637955242983], [-9.271629652534118, 53.268589010980435], [-9.275045281863727, 53.27035601319618], [-9.274299334783114, 53.272167593430225], [-9.27670755304971, 53.27129128296337], [-9.278279677104745, 53.272256419474296], [-9.270772836325305, 53.276166943277396], [-9.265443807475238, 53.28073892353233], [-9.256000508149375, 53.27754869146286], [-9.253664081092994, 53.28057239145307], [-9.258447651395555, 53.283298046163296], [-9.253898420523555, 53.286029306804174], [-9.255060180912684, 53.28783725586846], [-9.256489770831864, 53.28695622117838], [-9.257085805222472, 53.28768208558289], [-9.2482301545573, 53.29302528239532], [-9.248547008776956, 53.28979189330628], [-9.2454818550401, 53.29047651807945], [-9.244306046582318, 53.29141150449049], [-9.24472494140308, 53.294887542349194], [-9.236945214871708, 53.30082079272113], [-9.241404274474245, 53.30625643977831], [-9.241497936723562, 53.30962270105494], [-9.238898461871015, 53.31148953012912], [-9.242817483723048, 53.3138037205298], [-9.241520662184664, 53.31791228838549], [-9.2383840258934, 53.32147370842113], [-9.238643853413999, 53.32430850742444], [-9.235323283859143, 53.32265474860513], [-9.232928293893016, 53.325326765712234], [-9.232766454368312, 53.327514331057834], [-9.23377965115031, 53.328638858247764], [-9.231747195758038, 53.32958916076683], [-9.23251507562932, 53.33166926643375], [-9.230689874244039, 53.33348227406222], [-9.232951857724602, 53.334648681170314], [-9.235297434514658, 53.33418202660997], [-9.238287860489155, 53.3287950469993], [-9.245348191780103, 53.33064956543843], [-9.24651849631906, 53.33218933511066], [-9.24378246532261, 53.33407762220499], [-9.24234978626898, 53.3338912096395], [-9.241647523063431, 53.334500693825085], [-9.242657425692466, 53.33545360997961], [-9.23691670762339, 53.340429773250115], [-9.23056458426482, 53.34172406911241]], [[-9.210318949161108, 53.322419971059546], [-9.213008707695826, 53.320879428386526], [-9.216306384164783, 53.32068328164039], [-9.214568282176772, 53.3198650399104], [-9.215609338307555, 53.318824744790746], [-9.214751249227673, 53.31769595895918], [-9.217002313101332, 53.31392826462993], [-9.219931099698655, 53.312415450745576], [-9.220974182109641, 53.312857854076164], [-9.219676995885305, 53.313925527788044], [-9.225351836896037, 53.31611225431156], [-9.226783620463134, 53.31866209958716], [-9.228379928151158, 53.31885950841987], [-9.227318916545611, 53.31570355111852], [-9.22959764091244, 53.315767283647844], [-9.236154288835634, 53.31087102292747], [-9.237168591364151, 53.311181046463396], [-9.238227098082357, 53.30857840816047], [-9.232885102476974, 53.30661574203712], [-9.232317268699429, 53.30527684771695], [-9.233258208032323, 53.30378659884523], [-9.229675215272083, 53.30636399058428], [-9.223810119363641, 53.30605222708646], [-9.225589107823813, 53.301705693128994], [-9.225309337231964, 53.298985632284605], [-9.223277028685654, 53.29812294359554], [-9.217111816067067, 53.298580660907675], [-9.216467727777863, 53.29540673113814], [-9.214397733968736, 53.29572294094538], [-9.213457850153882, 53.29748653000842], [-9.209749736339116, 53.29695345664632], [-9.206399623883367, 53.298630627151674], [-9.203449160665503, 53.29860973836656], [-9.203654042308418, 53.30049549670456], [-9.214330656229777, 53.30127759600732], [-9.214146023539612, 53.3022917626398], [-9.21026813229178, 53.30358606068126], [-9.213637296201721, 53.304672376392475], [-9.213430549854987, 53.30549455910202], [-9.209635909242609, 53.30619577759407], [-9.213305143881511, 53.30631310532282], [-9.212902838471743, 53.308490033885725], [-9.206746940740182, 53.30710253238486], [-9.2054061592184, 53.309212963513744], [-9.202578864075981, 53.30948859502328], [-9.20599224436675, 53.31284130542903], [-9.205387022724784, 53.31347304388262], [-9.210340409318235, 53.31605105916683], [-9.209093560145371, 53.31785899644032], [-9.211602092880947, 53.319117373881774], [-9.2071790631163, 53.3204606173309], [-9.210874007305522, 53.32115747820496], [-9.210318949161108, 53.322419971059546]], [[-9.223611230924456, 53.31825970906293], [-9.217422738848025, 53.32108678102867], [-9.221590246998808, 53.32312085567307], [-9.227231382451032, 53.323306013303], [-9.228138017500637, 53.3251912489381], [-9.230099321740017, 53.32487396242724], [-9.227056672971514, 53.3218465226386], [-9.223012139896865, 53.32031738089915], [-9.224969750728546, 53.31912832932064], [-9.223611230924456, 53.31825970906293]], [[-9.19250142539593, 53.28158573288691], [-9.191858902673948, 53.27899881024976], [-9.190325403942198, 53.2793075606328], [-9.18984226813858, 53.28106233568655], [-9.188137602178484, 53.28074362777715], [-9.187097274281825, 53.28392746177971], [-9.1913546511097, 53.284161750500616], [-9.19250142539593, 53.28158573288691]], [[-9.225993232596716, 53.33546195262532], [-9.228050615221713, 53.334250771335924], [-9.226763317300522, 53.33210676111889], [-9.223617947034368, 53.332031923080685], [-9.221504135903405, 53.33487280781002], [-9.225993232596716, 53.33546195262532]], [[-9.249729146216474, 53.288512392184806], [-9.253750566862152, 53.2852964191475], [-9.252047061796715, 53.28488355870555], [-9.253022601099705, 53.282808429685645], [-9.248038294857992, 53.28636987588406], [-9.247771226862676, 53.2875931789979], [-9.249729146216474, 53.288512392184806]], [[-9.242011003633285, 53.27843157839692], [-9.244149795282729, 53.27529279459795], [-9.242880173419755, 53.273828302518645], [-9.240517123668518, 53.27407642060422], [-9.23974348018978, 53.27670351587195], [-9.242011003633285, 53.27843157839692]], [[-9.212225158843767, 53.32697233180931], [-9.215591932508381, 53.32560554995427], [-9.214513029559395, 53.324521834779716], [-9.217823702884209, 53.32352888379516], [-9.215243405334517, 53.322273472944154], [-9.213963338244987, 53.32406256177027], [-9.210581045462932, 53.32548336929265], [-9.212225158843767, 53.32697233180931]], [[-9.187575209803917, 53.3062421583279], [-9.187897415776208, 53.30413575599461], [-9.184055991913446, 53.303732238504395], [-9.18253933493275, 53.305363284132994], [-9.187575209803917, 53.3062421583279]], [[-9.24048167484364, 53.295948381347856], [-9.242209033931449, 53.29191367073821], [-9.240967814408332, 53.29164648684584], [-9.239118706564838, 53.29574534478617], [-9.24048167484364, 53.295948381347856]], [[-9.194784399918541, 53.27512817531637], [-9.196214003618136, 53.275156810834986], [-9.197636333188038, 53.27391950542041], [-9.195571708524971, 53.273493320373866], [-9.193645306355924, 53.27590055282179], [-9.195337474963528, 53.27560884373243], [-9.194784399918541, 53.27512817531637]], [[-9.26442492851801, 53.26578581702019], [-9.262735739377645, 53.26699656978467], [-9.264068835457312, 53.26712313197309], [-9.26442492851801, 53.26578581702019]], [[-9.184144092572717, 53.30154097999999], [-9.184000013775677, 53.30031447030299], [-9.183002488874559, 53.30091460642925], [-9.184144092572717, 53.30154097999999]], [[-9.207478731639796, 53.32574814198072], [-9.206529082137783, 53.32632131170355], [-9.208610519615661, 53.32662134653492], [-9.207478731639796, 53.32574814198072]], [[-9.208773731137448, 53.32494078927333], [-9.209273626039337, 53.325303433689676], [-9.2097605722091, 53.32492601765092], [-9.208773731137448, 53.32494078927333]]]]}, "properties": {"code": "002364", "name": "Moycullen Bogs NHA", "county": "Galway", "designation": "NHA", "source": "NHA", "plots_2022": null, "plots_2021": null, "site_ha": 3189.4, "years": [2018, 2019, 2020, 2021, 2022, 2023, 2024, 2025, 2026], "ndvi_series": [83.2, 33.21, 17.81, 58.1, 388.04, 87.72, 71.02, 117.47, 59.25], "gng_series": [62.14, 9.72, 2.61, 30.47, 320.01, 39.31, 41.82, 59.58, 33.9], "dates": ["2018-05-16", "2019-05-21", "2020-07-09", "2021-05-23", "2022-05-15", "2023-06-02", "2024-06-01", "2025-05-14", "2026-07-13"], "span": "2018\u20132026", "bare_now_ndvi_ha": 59.25, "bare_now_gng_ha": 33.9, "bare_pct_now": 1.1, "newly_ndvi_ha": 31.63, "newly_gng_ha": 27.84, "reveg_ndvi_ha": 61.5, "reveg_gng_ha": 61.45, "rate_ndvi_ha_yr": 4.88, "rate_gng_ha_yr": 2.06, "both_cov_pct": 98.4}}, {"type": "Feature", "geometry": {"type": "Polygon", "coordinates": [[[-10.08717158473331, 53.52855398443262], [-10.090671368632362, 53.52667560623881], [-10.10548463974387, 53.530383462782844], [-10.108587434865438, 53.53639254989306], [-10.10403531625695, 53.540579695138334], [-10.095302408416508, 53.53821711608743], [-10.09043662597018, 53.538626777637255], [-10.089176802078644, 53.5409626633604], [-10.095129485432798, 53.54288158600862], [-10.096692868638858, 53.54602457337537], [-10.094294648192534, 53.550175647094584], [-10.080928477626001, 53.54504240410144], [-10.069263897469423, 53.53610957648598], [-10.075986566770595, 53.53480009671775], [-10.076251414595756, 53.53358373486365], [-10.073977502873879, 53.532393744268596], [-10.073880936840053, 53.53036378539526], [-10.08717158473331, 53.52855398443262]]]}, "properties": {"code": "002374", "name": "Cloon And Laghtanabba Bog NHA", "county": "Galway", "designation": "NHA", "source": "NHA", "plots_2022": null, "plots_2021": null, "site_ha": 353.1, "years": [2018, 2019, 2020, 2021, 2022, 2023, 2024, 2025, 2026], "ndvi_series": [1.29, 3.24, 2.37, 8.82, 4.56, 17.43, 2.45, 3.95, 3.08], "gng_series": [1.01, 2.58, 1.91, 8.58, 4.29, 16.53, 1.97, 2.92, 3.08], "dates": ["2018-06-28", "2019-05-09", "2020-05-13", "2021-05-18", "2022-05-23", "2023-06-22", "2024-06-01", "2025-05-14", "2026-06-21"], "span": "2018\u20132026", "bare_now_ndvi_ha": 3.08, "bare_now_gng_ha": 3.08, "bare_pct_now": 0.9, "newly_ndvi_ha": 2.04, "newly_gng_ha": 2.32, "reveg_ndvi_ha": 0.25, "reveg_gng_ha": 0.25, "rate_ndvi_ha_yr": 0.3, "rate_gng_ha_yr": 0.29, "both_cov_pct": 87.2}}, {"type": "Feature", "geometry": {"type": "Polygon", "coordinates": [[[-8.384786391998393, 53.01733810062387], [-8.379491362167384, 53.01789058085071], [-8.378909494138068, 53.015970370660774], [-8.37585388257372, 53.0165906538634], [-8.377596455801395, 53.01421084912513], [-8.376736373988162, 53.01312800797881], [-8.3794202582311, 53.01190446851349], [-8.378131434616158, 53.01133307283747], [-8.37886019822346, 53.01087066780344], [-8.377719813505054, 53.00932568755362], [-8.375982129121637, 53.01012767418398], [-8.368860043458414, 53.00576009391083], [-8.372866337746999, 53.00428521150346], [-8.370458101119766, 53.00183770714797], [-8.376173010518423, 52.999036783222216], [-8.379066602261297, 53.00073317616842], [-8.378587392130747, 52.99958595209437], [-8.381185465067983, 52.99849700430272], [-8.382272823991956, 52.9991679966796], [-8.381538752321601, 52.997786433239135], [-8.38511122122928, 52.99525798307219], [-8.389871997619359, 52.99476428134221], [-8.394413384619071, 52.99617788334936], [-8.395304200834145, 52.99714916128219], [-8.394392766716134, 52.99851335923794], [-8.396471176539098, 52.99851487725564], [-8.395786211229863, 53.000797948589856], [-8.400642558593521, 53.00192806228176], [-8.399202891664235, 52.99912968196285], [-8.40123915830466, 52.99864842371284], [-8.402587157790245, 53.00076165937121], [-8.402510407548514, 52.9994901789022], [-8.405292306407144, 52.99848867381603], [-8.404431850861757, 52.99678335850657], [-8.40637907678268, 52.99538662735738], [-8.418761337313583, 52.9932245046846], [-8.424058200807524, 52.98321123313707], [-8.444100619503859, 52.973720200421724], [-8.447727576477279, 52.97302594547065], [-8.445985155517283, 52.97538377597477], [-8.444733107084513, 52.97472647459293], [-8.44474803683879, 52.97570543140239], [-8.439764545551656, 52.97947334650602], [-8.437031093761169, 52.97912820606498], [-8.434897192079971, 52.98036593088734], [-8.436654284186037, 52.983378100005915], [-8.435602016954652, 52.985617267947234], [-8.431460699027106, 52.98480469782341], [-8.432369811202607, 52.98764281438135], [-8.423539156424395, 52.98970461723], [-8.421528311264185, 52.9911276912566], [-8.42185686052717, 52.99392385449558], [-8.42407056749116, 52.99502753173685], [-8.422861734445108, 52.99631817629397], [-8.416424436957193, 52.99728983836558], [-8.41352029610517, 52.9999799143441], [-8.422086965193955, 53.002516485779715], [-8.425376114294622, 53.00074823384374], [-8.427858719056443, 53.00122736420855], [-8.42651908907119, 52.99973635393869], [-8.437306255934665, 53.00053749608937], [-8.4367956462804, 53.00515122226306], [-8.426913155051208, 53.01808263227153], [-8.424446994260391, 53.0162679455141], [-8.420117427621648, 53.01519422820381], [-8.41850891434996, 53.016609503959735], [-8.417189486585832, 53.01558823856964], [-8.389132590719221, 53.02484079709224], [-8.387498464139309, 53.022041236735724], [-8.388685679489033, 53.02180177706506], [-8.38895679960935, 53.02028373901309], [-8.387033123828878, 53.02106473109433], [-8.384786391998393, 53.01733810062387]], [[-8.410725230704562, 53.00431895583508], [-8.402269011524629, 53.00582161108415], [-8.401117177319925, 53.0075884946602], [-8.403302988962075, 53.00845298871511], [-8.405406864755568, 53.00699663760288], [-8.409708316669414, 53.00807828755324], [-8.41281265949918, 53.00718978329669], [-8.411741987792887, 53.00650890408155], [-8.412951675264479, 53.00536537063065], [-8.410725230704562, 53.00431895583508]]]}, "properties": {"code": "002379", "name": "Derryoober Bog NHA", "county": "Galway", "designation": "NHA + SPA", "source": "NHA", "plots_2022": null, "plots_2021": null, "site_ha": 1014.2, "years": [2018, 2019, 2020, 2021, 2023, 2024, 2025, 2026], "ndvi_series": [53.33, 2.4, 26.61, 0.0, 1.46, 2.91, 25.4, 8.61], "gng_series": [53.17, 2.4, 24.31, 0.0, 0.46, 2.31, 24.46, 8.16], "dates": ["2018-05-06", "2019-05-04", "2020-05-08", "2021-06-29", "2023-05-30", "2024-05-19", "2025-05-14", "2026-05-24"], "span": "2018\u20132026", "bare_now_ndvi_ha": 8.61, "bare_now_gng_ha": 8.16, "bare_pct_now": 0.8, "newly_ndvi_ha": 7.1, "newly_gng_ha": 6.66, "reveg_ndvi_ha": 51.82, "reveg_gng_ha": 51.67, "rate_ndvi_ha_yr": -2.6, "rate_gng_ha_yr": -2.62, "both_cov_pct": 100.0}}, {"type": "Feature", "geometry": {"type": "Polygon", "coordinates": [[[-10.025382769432817, 54.00059712185587], [-10.029609816137278, 54.000482561946235], [-10.027476550850889, 54.00477583234707], [-10.022471409111963, 54.00356426122911], [-10.019606929638577, 54.009260222237565], [-10.017244375139498, 54.00896714910608], [-10.01698728000397, 54.01081240560159], [-10.01119992668584, 54.012980025980305], [-10.00980656995703, 54.01191690971779], [-10.00635155382972, 54.01173005659531], [-10.006279583724195, 54.012709010892934], [-10.001075538667484, 54.01099049250144], [-9.999242376931397, 54.01293578596507], [-9.998708246697143, 54.01059772921755], [-9.997007568219617, 54.01151586016717], [-9.995220838586418, 54.009144962134485], [-9.996684365668697, 54.008970146907984], [-9.996631518340541, 54.00479185359498], [-9.997750285877688, 54.004926298843316], [-9.998436170836225, 54.001940359862125], [-9.997411323694257, 54.0010158690617], [-9.999169674829888, 53.99905246586196], [-9.997205446304951, 53.99707149461785], [-9.995232126652196, 53.99850407301503], [-9.995206574259344, 53.99972373923908], [-9.991451203811092, 54.000802812970186], [-9.99012445982198, 54.003174819289974], [-9.990307715868386, 53.99971287070666], [-9.983735112457298, 53.99951940308317], [-9.986468110049024, 54.001515403402514], [-9.98704172069064, 54.005017061221565], [-9.980759862658985, 54.004990747757915], [-9.980942262970025, 54.00354442468822], [-9.975195487884983, 54.00353399255621], [-9.970762472444513, 53.996729959421245], [-9.969663860211648, 53.996768469565176], [-9.973950138006808, 54.00359039663926], [-9.975175247109092, 54.003876621822194], [-9.97617082427517, 54.00717286114625], [-9.975093661379367, 54.007911663881764], [-9.965952869003667, 54.00636746451309], [-9.964704566028361, 54.00275039179779], [-9.957294053928218, 54.00283901921351], [-9.962911303584658, 53.995928447581704], [-9.964917670383079, 53.9964190707085], [-9.97031295714548, 53.99458583475055], [-9.968929074014417, 53.988872876102924], [-9.969893650562785, 53.9844215316611], [-9.974415968936249, 53.985225651557386], [-9.994226576869485, 53.984954646586665], [-10.014386526814475, 53.98928755319299], [-10.025382769432817, 54.00059712185587]]]}, "properties": {"code": "002381", "name": "Doogort East Bog NHA", "county": "Mayo", "designation": "NHA", "source": "NHA", "plots_2022": null, "plots_2021": null, "site_ha": 832.0, "years": [2018, 2019, 2020, 2021, 2022, 2023, 2024, 2025, 2026], "ndvi_series": [0.7, 2.37, 0.52, 12.02, 8.02, 226.12, 86.31, 13.27, 47.05], "gng_series": [0.21, 1.78, 0.47, 11.45, 7.6, 223.35, 85.48, 10.88, 46.64], "dates": ["2018-05-24", "2019-06-21", "2020-05-28", "2021-05-28", "2022-07-10", "2023-05-31", "2024-05-10", "2025-05-14", "2026-05-10"], "span": "2018\u20132026", "bare_now_ndvi_ha": 47.05, "bare_now_gng_ha": 46.64, "bare_pct_now": 5.6, "newly_ndvi_ha": 46.35, "newly_gng_ha": 46.43, "reveg_ndvi_ha": 0.0, "reveg_gng_ha": 0.0, "rate_ndvi_ha_yr": 10.06, "rate_gng_ha_yr": 9.92, "both_cov_pct": 97.9}}, {"type": "Feature", "geometry": {"type": "Polygon", "coordinates": [[[-9.50071740925697, 54.26458600479094], [-9.500650540608012, 54.262097264298916], [-9.5045281755266, 54.25888074393943], [-9.504966557721518, 54.24448137216549], [-9.503797289636426, 54.239777356092056], [-9.50434099517891, 54.232623861501075], [-9.506350416850063, 54.23064937821947], [-9.5115394622078, 54.23119002984841], [-9.524817366209044, 54.23695292002209], [-9.530688287081574, 54.23661148846341], [-9.537024019919441, 54.238204531741495], [-9.53878237496615, 54.23730749368456], [-9.54258194609713, 54.238792776266386], [-9.54615018929299, 54.23730725966233], [-9.547281047858274, 54.23821788827546], [-9.547301865413868, 54.236929161776516], [-9.551382279164077, 54.23640248492362], [-9.55198212173608, 54.23723904143359], [-9.547800654218022, 54.23982593222213], [-9.542413352235073, 54.24012354154302], [-9.53847060813323, 54.24173838792902], [-9.534964040022814, 54.24567485420722], [-9.53643843474938, 54.24686731377023], [-9.533008320645026, 54.25112057356874], [-9.52674536411304, 54.25227849682613], [-9.525564196464488, 54.25430713027618], [-9.52868119904559, 54.25862659333157], [-9.517921161426086, 54.26200655963822], [-9.51490096728879, 54.264537774813434], [-9.50071740925697, 54.26458600479094]]]}, "properties": {"code": "002391", "name": "Inagh Bog NHA", "county": "Mayo", "designation": "NHA", "source": "NHA", "plots_2022": null, "plots_2021": null, "site_ha": 612.4, "years": [2018, 2019, 2020, 2021, 2022, 2023, 2024, 2025, 2026], "ndvi_series": [7.37, 1.97, 0.0, 0.0, 29.94, 4.57, 0.82, 7.54, 0.68], "gng_series": [7.37, 1.97, 0.0, 0.0, 29.96, 4.57, 0.82, 7.53, 0.68], "dates": ["2018-06-08", "2019-05-04", "2020-05-03", "2021-06-27", "2022-05-28", "2023-06-02", "2024-06-01", "2025-05-02", "2026-07-11"], "span": "2018\u20132026", "bare_now_ndvi_ha": 0.68, "bare_now_gng_ha": 0.68, "bare_pct_now": 0.1, "newly_ndvi_ha": 0.53, "newly_gng_ha": 0.53, "reveg_ndvi_ha": 6.76, "reveg_gng_ha": 6.76, "rate_ndvi_ha_yr": -0.06, "rate_gng_ha_yr": -0.06, "both_cov_pct": 94.7}}, {"type": "Feature", "geometry": {"type": "Polygon", "coordinates": [[[-9.961398851023846, 53.93154844614671], [-9.968142890547316, 53.92782921677605], [-9.975367989617599, 53.92747891565679], [-9.977017043162103, 53.92313160413605], [-9.968469440016152, 53.92462494880216], [-9.978486666322146, 53.91371139622745], [-9.98224713765499, 53.913617636876445], [-9.985182821932375, 53.924724948246435], [-9.971876498223542, 53.93752560976194], [-9.965071015186007, 53.93674841752607], [-9.96160030629744, 53.9351992463506], [-9.962638726247667, 53.9346274130187], [-9.961398851023846, 53.93154844614671]]]}, "properties": {"code": "002403", "name": "Sraheens Bog NHA", "county": "Mayo", "designation": "NHA", "source": "NHA", "plots_2022": null, "plots_2021": null, "site_ha": 187.8, "years": [2018, 2019, 2020, 2021, 2022, 2023, 2024, 2025, 2026], "ndvi_series": [0.71, 0.0, 0.06, 7.5, 22.82, 2.68, 17.86, 6.23, 7.01], "gng_series": [0.62, 0.0, 0.01, 7.5, 22.84, 2.68, 17.74, 6.13, 6.85], "dates": ["2018-06-21", "2019-05-04", "2020-05-06", "2021-05-08", "2022-05-28", "2023-06-05", "2024-05-10", "2025-05-14", "2026-05-27"], "span": "2018\u20132026", "bare_now_ndvi_ha": 7.01, "bare_now_gng_ha": 6.85, "bare_pct_now": 3.6, "newly_ndvi_ha": 6.92, "newly_gng_ha": 6.76, "reveg_ndvi_ha": 0.71, "reveg_gng_ha": 0.62, "rate_ndvi_ha_yr": 1.24, "rate_gng_ha_yr": 1.23, "both_cov_pct": 95.8}}, {"type": "Feature", "geometry": {"type": "Polygon", "coordinates": [[[-9.740736836304851, 54.2042120762879], [-9.744067421116643, 54.20802688814701], [-9.740034007999162, 54.208387613892796], [-9.729593958447534, 54.204985801690455], [-9.726863625442965, 54.202236821669146], [-9.725306189019802, 54.19647169081729], [-9.733674647450785, 54.197562544718245], [-9.732206867905182, 54.19929080897913], [-9.733834023685674, 54.20158749083606], [-9.732331139138397, 54.2027058425149], [-9.734797223072462, 54.202547371136276], [-9.73993178618343, 54.20506857677725], [-9.740736836304851, 54.2042120762879]]]}, "properties": {"code": "002419", "name": "Glenturk More Bog NHA", "county": "Mayo", "designation": "NHA", "source": "NHA", "plots_2022": null, "plots_2021": null, "site_ha": 64.9, "years": [2018, 2019, 2020, 2021, 2023, 2024, 2025, 2026], "ndvi_series": [0.22, 0.0, 0.0, 0.04, 0.6, 1.14, 0.06, 0.01], "gng_series": [0.22, 0.0, 0.0, 0.04, 0.6, 1.14, 0.06, 0.01], "dates": ["2018-05-24", "2019-05-04", "2020-05-03", "2021-05-16", "2023-06-02", "2024-06-01", "2025-05-14", "2026-05-25"], "span": "2018\u20132026", "bare_now_ndvi_ha": 0.01, "bare_now_gng_ha": 0.01, "bare_pct_now": 0.0, "newly_ndvi_ha": 0.01, "newly_gng_ha": 0.01, "reveg_ndvi_ha": 0.22, "reveg_gng_ha": 0.22, "rate_ndvi_ha_yr": 0.04, "rate_gng_ha_yr": 0.04, "both_cov_pct": 97.2}}, {"type": "Feature", "geometry": {"type": "Polygon", "coordinates": [[[-9.253362085716471, 53.926996342687374], [-9.24915093002922, 53.931782482573254], [-9.245276981371134, 53.929430226998626], [-9.244048998300489, 53.93058485804419], [-9.245189652012211, 53.931163788663575], [-9.24125415914484, 53.93404005109569], [-9.246294830206663, 53.934850962839214], [-9.250908461228443, 53.9312324085069], [-9.254419770655247, 53.931110439490624], [-9.254899484004588, 53.932831629430346], [-9.252692767299074, 53.9334291238266], [-9.251737057009443, 53.93531970999458], [-9.25761173436907, 53.93813966129359], [-9.252930706235752, 53.94378748035519], [-9.243658595987354, 53.94551145731951], [-9.242023349928663, 53.947770065512294], [-9.24047549655907, 53.94679155649697], [-9.23496601941483, 53.95200414291172], [-9.241927044156022, 53.952956376770715], [-9.244875955468814, 53.95445186332935], [-9.242620756877232, 53.95682836199251], [-9.245516729856996, 53.957651648940065], [-9.243475941747484, 53.96013403726847], [-9.241959976861839, 53.95968054398929], [-9.23998073974425, 53.96405913277331], [-9.237883437795487, 53.96352622868187], [-9.237670762337126, 53.96254712018239], [-9.232357917025153, 53.962431010323506], [-9.232283434355013, 53.961604619284124], [-9.228697485930054, 53.96230115077008], [-9.227991077219478, 53.9611729287313], [-9.228815099172072, 53.95910335745672], [-9.222759682705284, 53.96059930806041], [-9.220853174715673, 53.95896466492668], [-9.220927710756948, 53.9611331513634], [-9.224993108137786, 53.962933081839914], [-9.218079042365497, 53.96548116979389], [-9.213201215593323, 53.96048953770152], [-9.218744701745996, 53.95612106935836], [-9.219163106179241, 53.95176513844956], [-9.222236424655765, 53.94841266037089], [-9.23177515977853, 53.94548955449905], [-9.229159097681547, 53.94260220335536], [-9.227364847091938, 53.942121612110924], [-9.228108141590601, 53.93958705966068], [-9.229685713477366, 53.93800224389476], [-9.23187753859875, 53.93838663027376], [-9.234326830659748, 53.935069704930264], [-9.241700986809834, 53.9324142457188], [-9.244710558677907, 53.92646269943826], [-9.244318714738725, 53.92338834971244], [-9.253362085716471, 53.926996342687374]]]}, "properties": {"code": "002420", "name": "Cunnagher More Bog NHA", "county": "Mayo", "designation": "NHA", "source": "NHA", "plots_2022": null, "plots_2021": null, "site_ha": 511.0, "years": [2018, 2019, 2020, 2021, 2022, 2023, 2024, 2025, 2026], "ndvi_series": [0.32, 3.73, 1.55, 18.14, 7.85, 20.01, 8.83, 5.49, 7.14], "gng_series": [0.32, 1.6, 0.04, 13.41, 2.52, 15.93, 8.42, 4.79, 6.73], "dates": ["2018-05-16", "2019-07-03", "2020-05-13", "2021-05-30", "2022-06-04", "2023-06-02", "2024-05-19", "2025-06-20", "2026-05-26"], "span": "2018\u20132026", "bare_now_ndvi_ha": 7.14, "bare_now_gng_ha": 6.73, "bare_pct_now": 1.3, "newly_ndvi_ha": 5.53, "newly_gng_ha": 5.17, "reveg_ndvi_ha": 0.32, "reveg_gng_ha": 0.32, "rate_ndvi_ha_yr": 0.82, "rate_gng_ha_yr": 0.91, "both_cov_pct": 99.3}}, {"type": "Feature", "geometry": {"type": "Polygon", "coordinates": [[[-9.349465853599577, 53.41482353050064], [-9.340516922590169, 53.41519470161179], [-9.342133541670458, 53.414005190737875], [-9.341561446608974, 53.41258276479883], [-9.335245155312258, 53.4092392875792], [-9.335137024887977, 53.40746696179871], [-9.333884208424827, 53.406790751725126], [-9.334207649134509, 53.403663796071115], [-9.332248133143738, 53.4023701189617], [-9.33208033579753, 53.39883306096297], [-9.330046405955628, 53.39888408973344], [-9.331185237705759, 53.39829983263921], [-9.326786022278831, 53.39704811669402], [-9.324034259798575, 53.39781645733986], [-9.329982512092876, 53.39875605402642], [-9.329610023318686, 53.39987778686948], [-9.331237344962016, 53.400432353012185], [-9.331289094853647, 53.40599625686737], [-9.324007500623676, 53.409058588502134], [-9.320583964821624, 53.4085149517666], [-9.324282436404223, 53.40520085839024], [-9.319456983069955, 53.40323474858506], [-9.31600989970868, 53.40443472820807], [-9.316205653369211, 53.406925371698485], [-9.310443790405946, 53.40461596801467], [-9.315132694017295, 53.401774405227755], [-9.31252328835963, 53.40146348060735], [-9.311082604028012, 53.398643506740065], [-9.303072944123995, 53.39939665843231], [-9.30512855853141, 53.397887658931005], [-9.305116550418711, 53.394558487265535], [-9.301233176905715, 53.394906230217785], [-9.299621272542458, 53.392763728976895], [-9.300251036967332, 53.391016054781254], [-9.298064445830054, 53.39026455382], [-9.300347723573097, 53.38872072597237], [-9.305505049371257, 53.39027891892421], [-9.303114330252614, 53.39101236461617], [-9.304458729252515, 53.39234173755597], [-9.313411021017934, 53.39196323998495], [-9.315379549223847, 53.388464000835654], [-9.311189247987164, 53.386499269759085], [-9.312063179011266, 53.38565007813347], [-9.311636305199322, 53.383940619459366], [-9.315329372614952, 53.38218079549553], [-9.318274998278165, 53.37922447354032], [-9.317333279851006, 53.3761190970661], [-9.320760744729274, 53.37298231134161], [-9.320323308547769, 53.370558637546786], [-9.322151015836871, 53.37058165621902], [-9.322460866965372, 53.36941724942374], [-9.322040684413583, 53.36199090590777], [-9.330397513460936, 53.356542189969765], [-9.330453472758318, 53.35851981880224], [-9.334328472720369, 53.3584753082986], [-9.330814677752334, 53.36171806298826], [-9.33321447446069, 53.36313980747167], [-9.335563821366552, 53.36820463320912], [-9.337028494064244, 53.3674956420875], [-9.336848633194254, 53.36646303961791], [-9.339044042900253, 53.366221377906506], [-9.341686233974567, 53.362538895838284], [-9.345593049266942, 53.36309795028115], [-9.347159523185459, 53.36172428807984], [-9.347084606398946, 53.360524700848586], [-9.342234427473546, 53.36046700924497], [-9.337688179498675, 53.35871851255537], [-9.337224960583042, 53.35678630379578], [-9.340203723349854, 53.35649287760566], [-9.339045110597848, 53.35459501569378], [-9.341238636972594, 53.35444767960915], [-9.344366765118144, 53.35532369978377], [-9.34899665176156, 53.35906947245322], [-9.351235550710522, 53.36239048047757], [-9.35540646368439, 53.36478506335085], [-9.353046927220817, 53.373861675138215], [-9.36381383677012, 53.37682211260008], [-9.363273471084744, 53.3794139139586], [-9.364893583297492, 53.38216945363189], [-9.362693437870279, 53.38433963074585], [-9.352586114921417, 53.38931985551289], [-9.371740271694643, 53.383677533072564], [-9.380837931220015, 53.39498323558778], [-9.377444267693818, 53.399659171701714], [-9.373076881700644, 53.40269438585992], [-9.374887109129414, 53.4049950905301], [-9.371993789707812, 53.40524907070663], [-9.362965299507515, 53.4029966549799], [-9.360846827434575, 53.403020952700885], [-9.360479115520567, 53.40398084825667], [-9.354997609552917, 53.403294543819584], [-9.354226508836453, 53.401995037191895], [-9.350935973134769, 53.401369049463135], [-9.350974375778684, 53.402507262745786], [-9.344240072993406, 53.40376162686006], [-9.342073694421726, 53.40543035775976], [-9.343858498853297, 53.40589663691153], [-9.342574904797587, 53.41011128669769], [-9.346663630483093, 53.41030211492965], [-9.348893374417415, 53.411421498504986], [-9.348931336987288, 53.41325259216572], [-9.351090672317982, 53.41361176141284], [-9.349465853599577, 53.41482353050064]], [[-9.329180911425786, 53.39294117175571], [-9.33857999841189, 53.39044053791933], [-9.340339058226633, 53.39056092806326], [-9.33430124507301, 53.38845556059754], [-9.32425595043462, 53.3899826113214], [-9.323144512838839, 53.390662253447964], [-9.328236875605254, 53.39120046111658], [-9.329180911425786, 53.39294117175571]], [[-9.339684956199303, 53.39390460607635], [-9.341537728306296, 53.39175308878561], [-9.339774634913947, 53.39177891892257], [-9.337966823513241, 53.39362186575469], [-9.339684956199303, 53.39390460607635]]]}, "properties": {"code": "002431", "name": "Oughterard District Bog NHA", "county": "Galway", "designation": "NHA", "source": "NHA", "plots_2022": null, "plots_2021": null, "site_ha": 1690.7, "years": [2018, 2019, 2020, 2021, 2022, 2023, 2024, 2025, 2026], "ndvi_series": [78.69, 37.31, 62.71, 43.5, 188.73, 101.78, 52.89, 81.58, 49.64], "gng_series": [58.77, 7.73, 37.98, 12.23, 142.77, 92.91, 37.31, 36.76, 27.99], "dates": ["2018-05-16", "2019-06-10", "2020-05-03", "2021-05-30", "2022-05-15", "2023-06-02", "2024-06-23", "2025-05-14", "2026-07-13"], "span": "2018\u20132026", "bare_now_ndvi_ha": 49.64, "bare_now_gng_ha": 27.99, "bare_pct_now": 1.7, "newly_ndvi_ha": 20.88, "newly_gng_ha": 19.5, "reveg_ndvi_ha": 54.67, "reveg_gng_ha": 54.26, "rate_ndvi_ha_yr": 0.92, "rate_gng_ha_yr": 0.72, "both_cov_pct": 98.8}}, {"type": "Feature", "geometry": {"type": "Polygon", "coordinates": [[[-9.409208441546031, 54.159863854074786], [-9.406308195698774, 54.16092256443556], [-9.406840206001323, 54.162798907977965], [-9.399166974042178, 54.16460267314629], [-9.40036418425184, 54.1664263897494], [-9.398108138822096, 54.1677045478689], [-9.396062273941878, 54.167572172643744], [-9.393521693124272, 54.16967675380878], [-9.390083095021248, 54.16900811002255], [-9.390704512614422, 54.16739746884345], [-9.389298498543273, 54.16732048060114], [-9.389507960764345, 54.166227840037735], [-9.390924928572609, 54.16613680035376], [-9.389722644669831, 54.16551277286954], [-9.390335994786204, 54.16465103482192], [-9.383861559311738, 54.158826097002084], [-9.386002830477743, 54.15816974371916], [-9.384234977250347, 54.15669049117687], [-9.382360921181071, 54.15716349414505], [-9.38056318857718, 54.154924772055246], [-9.381678194447915, 54.153591249019584], [-9.37958450498709, 54.15365231446778], [-9.37870794297386, 54.152086399139414], [-9.379440724541064, 54.15126602424808], [-9.386840144836514, 54.15144327161491], [-9.387931560467548, 54.15275255766722], [-9.388082527846244, 54.15156372619302], [-9.391074814278888, 54.15248605800475], [-9.392386750913461, 54.15550488605835], [-9.397408446133081, 54.15549725693598], [-9.395601695930052, 54.15695911584183], [-9.400108546292346, 54.155954151886384], [-9.409208441546031, 54.159863854074786]]]}, "properties": {"code": "002432", "name": "Forrew Bog NHA", "county": "Mayo", "designation": "NHA", "source": "NHA", "plots_2022": null, "plots_2021": null, "site_ha": 179.7, "years": [2018, 2019, 2020, 2021, 2022, 2023, 2024, 2025, 2026], "ndvi_series": [0.43, 0.05, 1.12, 2.79, 10.22, 1.35, 1.83, 0.62, 0.95], "gng_series": [0.38, 0.05, 0.63, 2.44, 10.19, 0.35, 0.97, 0.62, 0.93], "dates": ["2018-05-16", "2019-07-03", "2020-06-14", "2021-05-18", "2022-05-28", "2023-05-30", "2024-05-19", "2025-06-20", "2026-07-11"], "span": "2018\u20132026", "bare_now_ndvi_ha": 0.95, "bare_now_gng_ha": 0.93, "bare_pct_now": 0.5, "newly_ndvi_ha": 0.43, "newly_gng_ha": 0.46, "reveg_ndvi_ha": 0.38, "reveg_gng_ha": 0.38, "rate_ndvi_ha_yr": 0.06, "rate_gng_ha_yr": 0.04, "both_cov_pct": 99.3}}, {"type": "Feature", "geometry": {"type": "Polygon", "coordinates": [[[-10.080729427398971, 53.55206453838372], [-10.074673329764927, 53.55348780597729], [-10.077403982514321, 53.554780079456755], [-10.075857838231919, 53.55582196796881], [-10.066220765265447, 53.55817689771954], [-10.059920999472823, 53.55675606129713], [-10.06057025196875, 53.55565345404134], [-10.054823983918318, 53.55354967867246], [-10.041253244218359, 53.55307145527027], [-10.039820022760765, 53.55230539264872], [-10.040115931875349, 53.55145380337649], [-10.033886496506966, 53.55030912335441], [-10.03949984355449, 53.54472089955446], [-10.039388717616987, 53.54030894884183], [-10.050678401648222, 53.54142324616076], [-10.058535206039496, 53.543607017572064], [-10.065666248840612, 53.54312753893693], [-10.070844006846192, 53.54552089875608], [-10.073163785681349, 53.54451368175883], [-10.074207574072513, 53.54731703254271], [-10.07738614569419, 53.54770008473823], [-10.080428221695973, 53.549598374842496], [-10.080729427398971, 53.55206453838372]]]}, "properties": {"code": "002436", "name": "Tooreen Bog NHA", "county": "Galway", "designation": "NHA", "source": "NHA", "plots_2022": null, "plots_2021": null, "site_ha": 354.2, "years": [2018, 2019, 2020, 2021, 2022, 2023, 2024, 2025, 2026], "ndvi_series": [0.12, 0.0, 4.36, 0.0, 4.27, 0.73, 0.67, 11.81, 1.12], "gng_series": [0.11, 0.0, 3.93, 0.0, 4.27, 0.73, 0.66, 11.58, 1.04], "dates": ["2018-05-24", "2019-05-04", "2020-05-23", "2021-05-23", "2022-05-23", "2023-05-28", "2024-06-11", "2025-05-02", "2026-05-27"], "span": "2018\u20132026", "bare_now_ndvi_ha": 1.12, "bare_now_gng_ha": 1.04, "bare_pct_now": 0.3, "newly_ndvi_ha": 1.11, "newly_gng_ha": 1.04, "reveg_ndvi_ha": 0.11, "reveg_gng_ha": 0.11, "rate_ndvi_ha_yr": 0.55, "rate_gng_ha_yr": 0.54, "both_cov_pct": 100.0}}, {"type": "Feature", "geometry": {"type": "Polygon", "coordinates": [[[-9.823453454755546, 54.196171753613356], [-9.814195621278676, 54.19940860520901], [-9.810218719462068, 54.1976663627184], [-9.808231572090744, 54.20103866690906], [-9.80705846113041, 54.2006050516901], [-9.802309727345554, 54.19831143478368], [-9.801941728967371, 54.19500677703803], [-9.797872257560764, 54.194502370540135], [-9.793094179033204, 54.19095204612987], [-9.799249653602887, 54.18718983682262], [-9.794761959331314, 54.185635266508086], [-9.790854290875796, 54.18871298720306], [-9.785015873431062, 54.18042696541328], [-9.788180194449323, 54.176613300869896], [-9.796649621276927, 54.17899015466373], [-9.808858158968626, 54.17855693491357], [-9.809526084910681, 54.1774293750905], [-9.821081150564353, 54.17627889798555], [-9.822910335288023, 54.1783298797304], [-9.826573006078299, 54.177227048210916], [-9.830036906910173, 54.183652193423534], [-9.828136424017455, 54.184325742000816], [-9.81997604831479, 54.182734019569494], [-9.819441538204341, 54.184619708839904], [-9.823821599276759, 54.18619801849882], [-9.82065481123969, 54.189832123974455], [-9.827328450695648, 54.19114902204058], [-9.828049645409875, 54.18887269963981], [-9.831214402316174, 54.188469708965826], [-9.831086991382048, 54.186718700324946], [-9.833647840819197, 54.187226989451], [-9.832794826893881, 54.18607190410393], [-9.835377417919569, 54.18580682160142], [-9.833109810713534, 54.1851756148664], [-9.834754362417545, 54.18506408920446], [-9.841643218530473, 54.185311048763324], [-9.844919151315215, 54.18934972127179], [-9.841660426524482, 54.19212097681213], [-9.84321719601087, 54.195223435258455], [-9.823453454755546, 54.196171753613356]]]}, "properties": {"code": "002446", "name": "Ederglen Bog NHA", "county": "Mayo", "designation": "NHA", "source": "NHA", "plots_2022": null, "plots_2021": null, "site_ha": 588.3, "years": [2018, 2019, 2020, 2021, 2022, 2023, 2024, 2025, 2026], "ndvi_series": [13.27, 0.0, 10.15, 3.63, 27.27, 2.97, 3.8, 1.72, 6.53], "gng_series": [13.25, 0.0, 9.59, 2.55, 27.3, 2.7, 3.79, 1.25, 6.53], "dates": ["2018-05-24", "2019-05-04", "2020-05-06", "2021-05-01", "2022-05-28", "2023-06-02", "2024-05-10", "2025-05-17", "2026-07-11"], "span": "2018\u20132026", "bare_now_ndvi_ha": 6.53, "bare_now_gng_ha": 6.53, "bare_pct_now": 1.1, "newly_ndvi_ha": 6.27, "newly_gng_ha": 6.27, "reveg_ndvi_ha": 12.83, "reveg_gng_ha": 12.81, "rate_ndvi_ha_yr": -0.59, "rate_gng_ha_yr": -0.58, "both_cov_pct": 90.5}}, {"type": "Feature", "geometry": {"type": "Polygon", "coordinates": [[[-9.597721593534867, 53.76702195596822], [-9.595775161599592, 53.767864147014755], [-9.591710271452948, 53.76731250931309], [-9.590480858012087, 53.765485132561324], [-9.592309913794853, 53.764227607354904], [-9.590293836114297, 53.76248620801156], [-9.584344411229027, 53.76392345849324], [-9.58148098490098, 53.76330701612729], [-9.581092267500926, 53.76185005133943], [-9.577885526450872, 53.76218320061468], [-9.571273862167242, 53.75735755913587], [-9.573317219065874, 53.75746694465258], [-9.570535301571631, 53.75625978794746], [-9.569803300683457, 53.75439339438399], [-9.572997757056664, 53.75344455752455], [-9.574405896878714, 53.75445265358757], [-9.574830632764963, 53.752656452763944], [-9.580228137182232, 53.75283139906746], [-9.585681381892003, 53.74978016200671], [-9.591214558584886, 53.752324967353736], [-9.589862532548876, 53.757196715475644], [-9.594720092237026, 53.75822027359364], [-9.59437083898068, 53.756708910671875], [-9.596825503692667, 53.75677732470308], [-9.59972271512072, 53.75837881855271], [-9.600901551245807, 53.75791521550011], [-9.601956301167078, 53.75993155031767], [-9.603960896508044, 53.75982331621044], [-9.5981337066458, 53.76532832976557], [-9.597721593534867, 53.76702195596822]]]}, "properties": {"code": "002455", "name": "Lough Greney Bog NHA", "county": "Mayo", "designation": "NHA", "source": "NHA", "plots_2022": null, "plots_2021": null, "site_ha": 208.8, "years": [2018, 2019, 2020, 2021, 2022, 2023, 2024, 2025, 2026], "ndvi_series": [4.04, 0.07, 0.4, 1.9, 12.98, 3.96, 1.09, 2.43, 2.03], "gng_series": [4.04, 0.0, 0.0, 1.57, 10.92, 3.2, 1.09, 0.57, 1.71], "dates": ["2018-05-16", "2019-05-04", "2020-05-05", "2021-05-30", "2022-05-15", "2023-06-02", "2024-05-19", "2025-05-14", "2026-07-13"], "span": "2018\u20132026", "bare_now_ndvi_ha": 2.03, "bare_now_gng_ha": 1.71, "bare_pct_now": 0.8, "newly_ndvi_ha": 2.03, "newly_gng_ha": 1.71, "reveg_ndvi_ha": 4.04, "reveg_gng_ha": 4.04, "rate_ndvi_ha_yr": 0.04, "rate_gng_ha_yr": -0.06, "both_cov_pct": 97.3}}, {"type": "Feature", "geometry": {"type": "Polygon", "coordinates": [[[-8.312842108788896, 53.084026993876094], [-8.312464215785816, 53.08629379166217], [-8.307876649351337, 53.08553639030386], [-8.306152791970234, 53.08680048333839], [-8.302431793720539, 53.08513296016677], [-8.302057497379685, 53.083362897677816], [-8.29880672335209, 53.08003587000473], [-8.301108598360297, 53.07966884473059], [-8.305933556762067, 53.075907090028686], [-8.30690795922467, 53.07005107556009], [-8.31004135621044, 53.06978573440236], [-8.313691904108376, 53.07133459757624], [-8.32135400948814, 53.079054702252336], [-8.319035350288397, 53.084606200333425], [-8.315801697120568, 53.08618682140697], [-8.312842108788896, 53.084026993876094]]]}, "properties": {"code": "000231", "name": "Barroughter Bog SAC", "county": "Galway", "designation": "SAC", "source": "SAC", "plots_2022": 42, "plots_2021": null, "site_ha": 170.5, "years": [2018, 2019, 2020, 2021, 2022, 2023, 2024, 2025, 2026], "ndvi_series": [0.0, 0.67, 0.0, 0.0, 4.29, 2.48, 8.78, 3.69, 1.83], "gng_series": [0.0, 0.59, 0.0, 0.0, 2.2, 1.18, 3.96, 2.61, 1.59], "dates": ["2018-05-06", "2019-07-03", "2020-05-03", "2021-06-29", "2022-05-28", "2023-05-30", "2024-05-19", "2025-05-14", "2026-05-26"], "span": "2018\u20132026", "bare_now_ndvi_ha": 1.83, "bare_now_gng_ha": 1.59, "bare_pct_now": 0.9, "newly_ndvi_ha": 1.83, "newly_gng_ha": 1.59, "reveg_ndvi_ha": 0.0, "reveg_gng_ha": 0.0, "rate_ndvi_ha_yr": 0.61, "rate_gng_ha_yr": 0.36, "both_cov_pct": 100.0}}, {"type": "Feature", "geometry": {"type": "Polygon", "coordinates": [[[-8.327377601327981, 53.06803353095861], [-8.317666516791936, 53.06434117779128], [-8.319923997488875, 53.06390561337199], [-8.320561695323685, 53.06134793389764], [-8.32453941005626, 53.06053736467196], [-8.325433445277717, 53.059286195391465], [-8.322083078130412, 53.05923279502138], [-8.321926624423066, 53.05827907085913], [-8.31837662954336, 53.05882162935294], [-8.315617917448085, 53.05764708158611], [-8.315352910380206, 53.05277863237191], [-8.316338110347516, 53.05087976317734], [-8.311522869400466, 53.04941682501929], [-8.31033442654995, 53.04662422441654], [-8.31394895274673, 53.04605186826155], [-8.316781792154353, 53.04351435495153], [-8.324400022461331, 53.041060462008595], [-8.33248223674928, 53.041235081526615], [-8.33573706442179, 53.04249907318718], [-8.3366714309288, 53.041229240806594], [-8.341395779186882, 53.04130822211458], [-8.344302858032995, 53.04446344726906], [-8.344496498100732, 53.045785332898596], [-8.34329050898963, 53.04605727327134], [-8.345430385169658, 53.04865368514968], [-8.350795430560902, 53.050337374572635], [-8.348888419579215, 53.0606313510055], [-8.344092200236563, 53.06447311454408], [-8.330118936647288, 53.06599137767585], [-8.327525126557944, 53.066983689021434], [-8.327377601327981, 53.06803353095861]]]}, "properties": {"code": "000248", "name": "Cloonmoylan Bog SAC", "county": "Galway", "designation": "SAC", "source": "SAC", "plots_2022": null, "plots_2021": null, "site_ha": 552.1, "years": [2018, 2019, 2020, 2021, 2022, 2023, 2024, 2025, 2026], "ndvi_series": [1.93, 0.86, 1.51, 1.0, 0.93, 0.78, 3.21, 1.89, 0.48], "gng_series": [1.93, 0.85, 1.39, 0.57, 0.57, 0.26, 3.2, 1.38, 0.33], "dates": ["2018-05-06", "2019-07-03", "2020-05-08", "2021-05-18", "2022-05-28", "2023-05-30", "2024-06-01", "2025-05-14", "2026-05-26"], "span": "2018\u20132026", "bare_now_ndvi_ha": 0.48, "bare_now_gng_ha": 0.33, "bare_pct_now": 0.1, "newly_ndvi_ha": 0.48, "newly_gng_ha": 0.33, "reveg_ndvi_ha": 1.93, "reveg_gng_ha": 1.93, "rate_ndvi_ha_yr": 0.01, "rate_gng_ha_yr": -0.02, "both_cov_pct": 100.0}}, {"type": "Feature", "geometry": {"type": "Polygon", "coordinates": [[[-8.494207307158323, 53.66326203610744], [-8.492844917022941, 53.66104090836426], [-8.49073675482828, 53.66181516079988], [-8.486002630881963, 53.659173403621544], [-8.485096041109653, 53.65727796994909], [-8.48606250850725, 53.65559475153618], [-8.483466888857706, 53.65504341939092], [-8.485423137785066, 53.654347054730735], [-8.48589454582868, 53.65131813365405], [-8.482023777596286, 53.64810140592382], [-8.481420835791935, 53.645995439667104], [-8.481613252427369, 53.64463036995294], [-8.48361593237772, 53.64496206062412], [-8.486914790528695, 53.642273258881744], [-8.491327317127848, 53.642486963477054], [-8.494697381842675, 53.6400730671174], [-8.499450205944326, 53.64106302129232], [-8.497563476131711, 53.64326184132816], [-8.50141351417846, 53.64572409754891], [-8.5030755235549, 53.64498549430924], [-8.50638939450055, 53.64816999766829], [-8.505429308560212, 53.649849834419875], [-8.501801874534854, 53.650812095513935], [-8.505422611707514, 53.65906696277643], [-8.501865517036768, 53.66089018462001], [-8.502649634771474, 53.66292005017141], [-8.494207307158323, 53.66326203610744]]]}, "properties": {"code": "000285", "name": "Kilsallagh Bog SAC", "county": "Galway", "designation": "SAC", "source": "SAC", "plots_2022": null, "plots_2021": null, "site_ha": 277.7, "years": [2018, 2019, 2020, 2021, 2022, 2023, 2024, 2025, 2026], "ndvi_series": [3.99, 1.34, 0.34, 0.03, 21.18, 3.76, 87.31, 6.93, 16.64], "gng_series": [3.99, 0.95, 0.34, 0.03, 21.14, 3.66, 87.25, 6.83, 16.53], "dates": ["2018-05-06", "2019-05-21", "2020-05-05", "2021-05-23", "2022-05-15", "2023-06-02", "2024-05-19", "2025-05-14", "2026-05-06"], "span": "2018\u20132026", "bare_now_ndvi_ha": 16.64, "bare_now_gng_ha": 16.53, "bare_pct_now": 6.0, "newly_ndvi_ha": 14.42, "newly_gng_ha": 14.31, "reveg_ndvi_ha": 1.99, "reveg_gng_ha": 1.99, "rate_ndvi_ha_yr": 4.08, "rate_gng_ha_yr": 4.09, "both_cov_pct": 96.0}}, {"type": "Feature", "geometry": {"type": "MultiPolygon", "coordinates": [[[[-8.481687197547151, 53.60541622995642], [-8.48628351135861, 53.603359046122556], [-8.486908535193582, 53.60385308453089], [-8.483049125736239, 53.60648849786658], [-8.481687197547151, 53.60541622995642]]], [[[-8.529255254168685, 53.634540240890274], [-8.516361736926534, 53.63039334708381], [-8.516035482518827, 53.63110422835202], [-8.510484369999975, 53.630141300063926], [-8.511072725569525, 53.628883352088096], [-8.508079787592154, 53.62834802661504], [-8.50860172812169, 53.62695968914275], [-8.506896349367471, 53.625007644709335], [-8.503418738333202, 53.623722686364836], [-8.50388193498054, 53.62215766026006], [-8.494385897895542, 53.61506213154256], [-8.497210392401387, 53.61280877075059], [-8.496592294521761, 53.609349760624355], [-8.498491432449777, 53.60961852784302], [-8.499339712968311, 53.607415396972335], [-8.500876505435308, 53.60713023670064], [-8.508069037626608, 53.60830667980901], [-8.512316905960608, 53.60555761453968], [-8.511495645237007, 53.60441511324144], [-8.517062407702024, 53.603489947515726], [-8.518100025857986, 53.60775470823162], [-8.519077163347095, 53.606969732791555], [-8.521530159380726, 53.608304449359736], [-8.52002516643623, 53.60946939749958], [-8.521586259316805, 53.61408443593381], [-8.519941513803508, 53.61547513244493], [-8.522054942577302, 53.61634700529705], [-8.521421851330187, 53.6176125837837], [-8.524450561288573, 53.62042086044192], [-8.523309203433726, 53.620617226027925], [-8.523490780343673, 53.62163134873426], [-8.524787998791993, 53.62166438273525], [-8.52353366689891, 53.6225929452025], [-8.524158157788804, 53.624204667196146], [-8.52224815608077, 53.62479747823689], [-8.524077871696614, 53.62705369485667], [-8.523185201929657, 53.62741289443716], [-8.523631868862806, 53.628200289412284], [-8.528736259889845, 53.62917736133213], [-8.53944077102882, 53.62733839801048], [-8.541681284447163, 53.630243413372895], [-8.536478777937496, 53.630249362765035], [-8.536966034181404, 53.632757767872285], [-8.536086738435934, 53.63264496367593], [-8.535969892522603, 53.63428942783765], [-8.529255254168685, 53.634540240890274]]]]}, "properties": {"code": "000296", "name": "Lisnageeragh Bog and Ballinastack Turlough SAC", "county": "Galway", "designation": "SAC", "source": "SAC", "plots_2022": null, "plots_2021": null, "site_ha": 439.8, "years": [2018, 2019, 2020, 2021, 2022, 2023, 2024, 2025, 2026], "ndvi_series": [5.17, 0.66, 0.61, 0.72, 1.71, 0.15, 2.22, 9.2, 3.3], "gng_series": [5.15, 0.66, 0.55, 0.72, 1.65, 0.15, 2.22, 9.2, 3.3], "dates": ["2018-05-16", "2019-07-03", "2020-06-24", "2021-06-07", "2022-06-04", "2023-06-02", "2024-06-01", "2025-05-14", "2026-05-26"], "span": "2018\u20132026", "bare_now_ndvi_ha": 3.3, "bare_now_gng_ha": 3.3, "bare_pct_now": 0.8, "newly_ndvi_ha": 2.64, "newly_gng_ha": 2.64, "reveg_ndvi_ha": 5.08, "reveg_gng_ha": 5.06, "rate_ndvi_ha_yr": 0.35, "rate_gng_ha_yr": 0.35, "both_cov_pct": 85.1}}, {"type": "Feature", "geometry": {"type": "Polygon", "coordinates": [[[-8.557802801249982, 53.60467515438621], [-8.541303606563465, 53.601533058686364], [-8.528679802810439, 53.60453515620052], [-8.521825799036407, 53.60262610150055], [-8.52361529377539, 53.60186433932154], [-8.521759091161128, 53.59806637459216], [-8.52472885633984, 53.59873926879514], [-8.528451434825566, 53.593729542991454], [-8.522207828721957, 53.59138482644401], [-8.51831479737605, 53.59131385625086], [-8.516986576080463, 53.592946423606946], [-8.521440371860471, 53.595163425293386], [-8.521006279326322, 53.596880342537794], [-8.517217374167817, 53.597571191488186], [-8.510242059458506, 53.59427091650132], [-8.50869996118008, 53.59225461794844], [-8.50598257514117, 53.59115356410193], [-8.506666505520268, 53.59001901948056], [-8.499713900023766, 53.588107568333], [-8.501181980002158, 53.58751436722058], [-8.497159262180972, 53.586208411475695], [-8.498732825797346, 53.584562910839765], [-8.497038451921535, 53.58325175771023], [-8.499327515569245, 53.58085321376753], [-8.494337458988337, 53.57735711787724], [-8.496821476181935, 53.57256116974715], [-8.494179520224916, 53.57132219941026], [-8.494115801207938, 53.569934576902675], [-8.502787268415906, 53.56753558441434], [-8.50138881722571, 53.56383701213538], [-8.503056334074271, 53.56284012622363], [-8.527049001888901, 53.5702731700849], [-8.52495121504835, 53.573401029001914], [-8.52693442402154, 53.57496903465007], [-8.530810165630884, 53.572781227849966], [-8.539055985453624, 53.57570968008381], [-8.541293361922538, 53.57942219586939], [-8.545914695640521, 53.57931116159333], [-8.556751767135571, 53.58226468660604], [-8.556658237145127, 53.5836596858455], [-8.561102904158602, 53.587525039401015], [-8.558702136840383, 53.588408740687754], [-8.560749407269187, 53.58829080768184], [-8.560568067356728, 53.589661291243694], [-8.562928741566948, 53.59036781150741], [-8.56240279346512, 53.591429156027544], [-8.560815432116197, 53.59134629461911], [-8.560959652007643, 53.59431359562093], [-8.560003942221611, 53.59418121396834], [-8.55749634929736, 53.59997931206421], [-8.554553767017325, 53.602211660849235], [-8.557802801249982, 53.60467515438621]], [[-8.550135482158424, 53.59546401516787], [-8.548393073538225, 53.59366474829874], [-8.551317831676139, 53.59281612295078], [-8.55129504164888, 53.59129855789683], [-8.547589112279008, 53.59129734442224], [-8.546529291262093, 53.5933707030523], [-8.534996831949105, 53.59096448061947], [-8.539565175556522, 53.59492620438894], [-8.550135482158424, 53.59546401516787]]]}, "properties": {"code": "000301", "name": "Lough Lurgeen Bog/Glenamaddy Turlough SAC", "county": "Galway", "designation": "SAC", "source": "SAC", "plots_2022": null, "plots_2021": null, "site_ha": 1148.5, "years": [2018, 2019, 2020, 2021, 2023, 2024, 2025, 2026], "ndvi_series": [153.71, 9.64, 14.24, 32.12, 131.93, 180.13, 106.04, 163.05], "gng_series": [15.26, 9.21, 8.51, 29.1, 83.76, 70.71, 88.65, 161.41], "dates": ["2018-05-06", "2019-05-21", "2020-05-03", "2021-06-07", "2023-06-02", "2024-05-19", "2025-05-14", "2026-05-26"], "span": "2018\u20132026", "bare_now_ndvi_ha": 163.05, "bare_now_gng_ha": 161.41, "bare_pct_now": 14.1, "newly_ndvi_ha": 33.82, "newly_gng_ha": 157.19, "reveg_ndvi_ha": 25.92, "reveg_gng_ha": 12.36, "rate_ndvi_ha_yr": 12.64, "rate_gng_ha_yr": 16.7, "both_cov_pct": 99.9}}, {"type": "Feature", "geometry": {"type": "Polygon", "coordinates": [[[-8.44624390417867, 52.99938484614739], [-8.44327946397828, 52.996608550232594], [-8.440518869999103, 52.99778498592673], [-8.440111172137396, 52.99935265126026], [-8.43543210933078, 52.999801423269744], [-8.432862458901706, 52.99807265343032], [-8.4322999599206, 52.996415233743775], [-8.435730958056018, 52.9905734238011], [-8.435651022122185, 52.98894394332353], [-8.437457926613574, 52.989385787553495], [-8.43919095146269, 52.987923543019754], [-8.44041990857401, 52.98888153611998], [-8.441997477452883, 52.988480131576], [-8.443094222308563, 52.986731829584144], [-8.444601909488764, 52.98725038036476], [-8.446077781262193, 52.98518487062906], [-8.44781116719824, 52.98537731217925], [-8.44953701459718, 52.98301439822654], [-8.444045809162626, 52.982235185941384], [-8.441521117071375, 52.97980620366605], [-8.44299532770648, 52.97741905106282], [-8.446692355565787, 52.976653687128156], [-8.445727257993868, 52.97578010518875], [-8.447696591364052, 52.973256950988684], [-8.449887595513983, 52.97377893745111], [-8.452266227965525, 52.9766160500666], [-8.454545059525117, 52.97714135545566], [-8.45590376617324, 52.97622992776705], [-8.45770934064825, 52.97825446216363], [-8.459889997316825, 52.978722215338145], [-8.46275820979969, 52.97863900576037], [-8.477934229608337, 52.97239906782852], [-8.482163685458008, 52.974486585743705], [-8.481926318536205, 52.979718672261285], [-8.486944897378976, 52.98090293924615], [-8.492087656917262, 52.97650743843442], [-8.494005092203944, 52.9780655990313], [-8.49898218133716, 52.977618975614625], [-8.502227331836435, 52.982434235924096], [-8.504442941544902, 52.989972913110286], [-8.501262834033238, 52.99052716691815], [-8.499403163860258, 52.99335798414661], [-8.496066328395631, 52.99549546786397], [-8.486999190067046, 52.997007328110755], [-8.482760659526999, 52.996194135057195], [-8.483072547509785, 52.9950998120128], [-8.474793638941549, 52.99914993703014], [-8.461926337361305, 52.99751639156448], [-8.458519671158008, 52.99422141635578], [-8.449676806049114, 52.99945419513551], [-8.44624390417867, 52.99938484614739]], [[-8.458473505915995, 52.993080446295934], [-8.473012989624346, 52.991294688815], [-8.476064767405413, 52.98888397447562], [-8.474947756270964, 52.9874229038466], [-8.46990247406999, 52.98891804115694], [-8.463849606826455, 52.98681471505948], [-8.455254469224302, 52.98807614678046], [-8.455766660262075, 52.99168137199354], [-8.458473505915995, 52.993080446295934]]]}, "properties": {"code": "000308", "name": "Loughatorick South Bog SAC", "county": "Galway", "designation": "SAC + SPA", "source": "SAC", "plots_2022": null, "plots_2021": null, "site_ha": 881.2, "years": [2018, 2020, 2021, 2023, 2024, 2025, 2026], "ndvi_series": [258.24, 126.85, 0.0, 0.17, 0.58, 3.33, 8.04], "gng_series": [258.26, 124.98, 0.0, 0.17, 0.58, 3.33, 8.05], "dates": ["2018-05-06", "2020-05-08", "2021-06-29", "2023-06-04", "2024-05-19", "2025-05-14", "2026-05-24"], "span": "2018\u20132026", "bare_now_ndvi_ha": 8.04, "bare_now_gng_ha": 8.05, "bare_pct_now": 0.9, "newly_ndvi_ha": 1.18, "newly_gng_ha": 1.18, "reveg_ndvi_ha": 251.38, "reveg_gng_ha": 251.39, "rate_ndvi_ha_yr": -28.43, "rate_gng_ha_yr": -28.34, "both_cov_pct": 100.0}}, {"type": "Feature", "geometry": {"type": "Polygon", "coordinates": [[[-9.863887927190605, 53.41651010900907], [-9.856713116643252, 53.405899018262154], [-9.860156146563446, 53.40380934807628], [-9.881819280369937, 53.40214126623422], [-9.88088232788919, 53.404540867466466], [-9.888284019714987, 53.407709131860564], [-9.888173773070589, 53.4096452799892], [-9.886877541206433, 53.41078208635176], [-9.888134459266489, 53.41157625187555], [-9.876668140950942, 53.41686359263256], [-9.870252907119577, 53.41839841498602], [-9.866619772649726, 53.418188069365804], [-9.865386321243138, 53.41687457709227], [-9.862636125543382, 53.417645467684], [-9.86257221872628, 53.416733124146575], [-9.863887927190605, 53.41651010900907]]]}, "properties": {"code": "000324", "name": "Rosroe Bog SAC", "county": "Galway", "designation": "SAC", "source": "SAC", "plots_2022": null, "plots_2021": null, "site_ha": 264.1, "years": [2018, 2019, 2020, 2021, 2022, 2023, 2024, 2025, 2026], "ndvi_series": [14.56, 2.35, 0.58, 7.59, 3.81, 4.39, 8.42, 25.76, 7.96], "gng_series": [11.62, 1.52, 0.0, 6.95, 2.05, 2.16, 6.56, 23.78, 5.53], "dates": ["2018-05-29", "2019-05-09", "2020-05-03", "2021-05-23", "2022-05-28", "2023-06-02", "2024-06-01", "2025-05-02", "2026-05-09"], "span": "2018\u20132026", "bare_now_ndvi_ha": 7.96, "bare_now_gng_ha": 5.53, "bare_pct_now": 2.1, "newly_ndvi_ha": 3.59, "newly_gng_ha": 3.66, "reveg_ndvi_ha": 12.96, "reveg_gng_ha": 11.38, "rate_ndvi_ha_yr": 0.94, "rate_gng_ha_yr": 0.85, "both_cov_pct": 92.1}}, {"type": "Feature", "geometry": {"type": "Polygon", "coordinates": [[[-8.565429767815322, 53.524372011480835], [-8.559516077944947, 53.52356558718924], [-8.55330264343673, 53.52394620776867], [-8.553849181924518, 53.5234249263009], [-8.55155090453685, 53.522133084973646], [-8.549918822280281, 53.52312391801698], [-8.547613092444749, 53.52274364727818], [-8.54626225211769, 53.52145164111487], [-8.546780285477816, 53.51978184769944], [-8.544697579657548, 53.51928767176848], [-8.546707518148551, 53.51853722322882], [-8.546404166254732, 53.51725569228873], [-8.547644173857204, 53.517281904039635], [-8.547918546540654, 53.514799654970055], [-8.551197883015625, 53.51463095197755], [-8.551933316368237, 53.51278771238826], [-8.55504675510534, 53.51282426979687], [-8.55508426987533, 53.511880986858856], [-8.563246123022951, 53.51269171898577], [-8.561259289390959, 53.51454400820391], [-8.564436349097475, 53.51458248506014], [-8.563617245922629, 53.516692891395756], [-8.564639881123082, 53.518634839602754], [-8.563222702614276, 53.520022919565314], [-8.565535325049588, 53.520861201125], [-8.566044276968507, 53.52010916135951], [-8.566954549728075, 53.52072440506435], [-8.566248096800582, 53.52134120013059], [-8.567962230411963, 53.52166642594813], [-8.565429767815322, 53.524372011480835]]]}, "properties": {"code": "000326", "name": "Shankill West Bog SAC", "county": "Galway", "designation": "SAC", "source": "SAC", "plots_2022": null, "plots_2021": null, "site_ha": 135.0, "years": [2018, 2019, 2020, 2021, 2022, 2023, 2024, 2025, 2026], "ndvi_series": [0.32, 0.0, 0.0, 0.16, 1.57, 0.0, 0.15, 0.49, 0.79], "gng_series": [0.32, 0.0, 0.0, 0.12, 1.53, 0.0, 0.15, 0.49, 0.79], "dates": ["2018-05-06", "2019-05-11", "2020-05-05", "2021-05-05", "2022-05-15", "2023-05-30", "2024-05-19", "2025-05-14", "2026-05-06"], "span": "2018\u20132026", "bare_now_ndvi_ha": 0.79, "bare_now_gng_ha": 0.79, "bare_pct_now": 0.6, "newly_ndvi_ha": 0.57, "newly_gng_ha": 0.57, "reveg_ndvi_ha": 0.1, "reveg_gng_ha": 0.1, "rate_ndvi_ha_yr": 0.06, "rate_gng_ha_yr": 0.06, "both_cov_pct": 92.4}}, {"type": "Feature", "geometry": {"type": "Polygon", "coordinates": [[[-8.576773994231313, 54.01913660489247], [-8.577466031886903, 54.01857934684892], [-8.576211801672148, 54.01716886587394], [-8.573572403056524, 54.016295479697405], [-8.574113611154708, 54.01494889894353], [-8.572645688511868, 54.01353639036354], [-8.574153540480701, 54.013814279640926], [-8.576076626831748, 54.01243416684195], [-8.580729375541964, 54.01316865995433], [-8.581332600344359, 54.01257094450807], [-8.579012178495727, 54.01126760005759], [-8.582413748298974, 54.007803450026735], [-8.5854857686329, 54.00849005227045], [-8.588569734530695, 54.00530049106736], [-8.586724198494954, 54.00484265556913], [-8.587615263317101, 54.003649497054575], [-8.586413160009126, 54.003007188722684], [-8.587287421506693, 53.99961231870746], [-8.594339603297108, 54.001345579525385], [-8.594749212738588, 54.00002917290025], [-8.596791621774315, 54.000122925695614], [-8.597673465811937, 54.00201378048058], [-8.597867534234112, 54.0009441269013], [-8.602340884864523, 54.00170695421428], [-8.60252399124654, 54.00056467718277], [-8.606865548236303, 54.001033387728356], [-8.607130621336903, 54.00440372042113], [-8.604674270159505, 54.005439931057936], [-8.60422979476662, 54.00802106593564], [-8.600197490420623, 54.00974410765303], [-8.595894999373028, 54.00962582266496], [-8.594693711513624, 54.01068218031376], [-8.595410844854968, 54.01178855442045], [-8.593562369207817, 54.012159303516384], [-8.599039464706307, 54.014585774673506], [-8.59722243228787, 54.016830160709794], [-8.589138425081705, 54.0176013303401], [-8.58731074628164, 54.01597702176419], [-8.584565474293923, 54.01704682923138], [-8.58115398827519, 54.01560343009191], [-8.579658701055738, 54.01886528401081], [-8.576773994231313, 54.01913660489247]]]}, "properties": {"code": "000497", "name": "Flughany Bog SAC", "county": "Mayo", "designation": "SAC", "source": "SAC", "plots_2022": null, "plots_2021": null, "site_ha": 231.0, "years": [2018, 2019, 2020, 2021, 2022, 2023, 2024, 2025, 2026], "ndvi_series": [1.26, 0.01, 0.21, 2.71, 3.24, 0.43, 8.03, 3.24, 27.19], "gng_series": [1.25, 0.01, 0.21, 2.52, 3.15, 0.28, 8.03, 3.11, 27.18], "dates": ["2018-05-29", "2019-05-26", "2020-05-05", "2021-05-08", "2022-06-04", "2023-06-02", "2024-07-13", "2025-05-14", "2026-05-06"], "span": "2018\u20132026", "bare_now_ndvi_ha": 27.19, "bare_now_gng_ha": 27.18, "bare_pct_now": 11.8, "newly_ndvi_ha": 24.1, "newly_gng_ha": 24.09, "reveg_ndvi_ha": 1.05, "reveg_gng_ha": 1.04, "rate_ndvi_ha_yr": 2.11, "rate_gng_ha_yr": 2.11, "both_cov_pct": 89.0}}, {"type": "Feature", "geometry": {"type": "Polygon", "coordinates": [[[-9.816324978720008, 53.93773233217688], [-9.805754923544873, 53.938457950853746], [-9.817237408061988, 53.93874955256395], [-9.821303528841643, 53.9401925228294], [-9.823685986385346, 53.942568194276866], [-9.82244865758463, 53.94473062741721], [-9.822984076630283, 53.9461784625307], [-9.824775979004931, 53.946393909075525], [-9.8247367796643, 53.94908163789444], [-9.821012626375149, 53.94849906912447], [-9.81925356913918, 53.946364436479996], [-9.81719050361611, 53.94617219020997], [-9.816218977930868, 53.94742780465392], [-9.814203538149275, 53.94529944836225], [-9.81458982636074, 53.946461911755485], [-9.811324938015929, 53.94773556953995], [-9.810164218313314, 53.950092551272334], [-9.804594909464054, 53.95032477190657], [-9.802321153540262, 53.951609499686654], [-9.796923570030176, 53.946804221663335], [-9.798594967730113, 53.941388597562764], [-9.796378159803956, 53.9389977016288], [-9.801128571473756, 53.9376570133284], [-9.800043651579653, 53.93662184597151], [-9.800379447524875, 53.93483958139967], [-9.798742151623085, 53.934447328094535], [-9.799672933387226, 53.931297031379195], [-9.795849987536226, 53.93110972139754], [-9.798894274286331, 53.929787015619524], [-9.800190292631804, 53.92774224450869], [-9.803900078467686, 53.926190351505355], [-9.807341113430292, 53.93004883656136], [-9.815386055713718, 53.93329775808024], [-9.816324978720008, 53.93773233217688]]]}, "properties": {"code": "000522", "name": "Lough Gall Bog SAC", "county": "Mayo", "designation": "SAC", "source": "SAC", "plots_2022": null, "plots_2021": null, "site_ha": 284.2, "years": [2018, 2019, 2020, 2023, 2025, 2026], "ndvi_series": [6.66, 2.38, 9.29, 14.31, 35.4, 10.88], "gng_series": [3.22, 0.02, 2.44, 9.62, 29.5, 8.17], "dates": ["2018-05-29", "2019-05-04", "2020-05-13", "2023-06-22", "2025-05-02", "2026-05-27"], "span": "2018\u20132026", "bare_now_ndvi_ha": 10.88, "bare_now_gng_ha": 8.17, "bare_pct_now": 2.9, "newly_ndvi_ha": 5.29, "newly_gng_ha": 5.6, "reveg_ndvi_ha": 3.34, "reveg_gng_ha": 2.56, "rate_ndvi_ha_yr": 2.28, "rate_gng_ha_yr": 2.22, "both_cov_pct": 95.4}}, {"type": "Feature", "geometry": {"type": "Polygon", "coordinates": [[[-8.41315303203503, 53.849166065858824], [-8.408966948980275, 53.84881827960094], [-8.40908706645942, 53.84459451538518], [-8.400252245791986, 53.844786664222944], [-8.399773607784208, 53.843005439024445], [-8.397379719197131, 53.843070360804425], [-8.400748722226686, 53.840072935624924], [-8.403372279077256, 53.84038412328377], [-8.405334966534998, 53.838748952807286], [-8.406159031916841, 53.83970070540735], [-8.413894822966961, 53.83916105481671], [-8.414342472260357, 53.83832632416342], [-8.409987183952444, 53.83415410135285], [-8.411879384314867, 53.83362266124648], [-8.411280429338568, 53.831879263110444], [-8.415080699349584, 53.827784340862365], [-8.415195789943672, 53.825997534720976], [-8.409963224609605, 53.82502494953867], [-8.414641240651136, 53.82371379372839], [-8.420636716050652, 53.8252451573281], [-8.420411059257281, 53.823796979450734], [-8.425609394098462, 53.823881070024335], [-8.42631620639949, 53.82098058321057], [-8.422197129582216, 53.81959039670902], [-8.428461991162063, 53.81716473833841], [-8.427492592141117, 53.81613320978453], [-8.429844834214888, 53.81640452029038], [-8.430698452406105, 53.814345924507535], [-8.428138347381383, 53.81365132759394], [-8.429754650024847, 53.81121842945278], [-8.431386908946589, 53.81081776615612], [-8.430719873370744, 53.80984292986568], [-8.431971899796764, 53.808229862800516], [-8.437630114054848, 53.80915157513345], [-8.438677970384276, 53.80809760575061], [-8.439050938735692, 53.80164342131532], [-8.440515559932626, 53.80121679919099], [-8.43868163924558, 53.799890139917785], [-8.440144037651487, 53.79936978493134], [-8.448023606581724, 53.801910400649646], [-8.44657355934991, 53.8045817993217], [-8.455589100442532, 53.80757662526048], [-8.456720640476783, 53.80657375889955], [-8.45993911751281, 53.8077792591505], [-8.457520324057272, 53.81077600070647], [-8.45263544716496, 53.811443291160586], [-8.453433051830086, 53.81327318882578], [-8.456205202946213, 53.81164454291498], [-8.463898575161902, 53.81082762565056], [-8.467222719315732, 53.81186630471278], [-8.466583467305082, 53.813889631988026], [-8.468805138037709, 53.8165095647946], [-8.473873347329926, 53.8169627877399], [-8.472065965312998, 53.82043261573763], [-8.459143566710772, 53.828229709093854], [-8.448260522989386, 53.83335578861402], [-8.444387691444303, 53.83237456863825], [-8.444566538939135, 53.83397540363934], [-8.446258247892256, 53.83386136268995], [-8.445502901176788, 53.836304595423165], [-8.442730867327343, 53.836513227915724], [-8.442191898350403, 53.83409729274999], [-8.44041292216361, 53.83423115709997], [-8.440106369047083, 53.83265508004839], [-8.438337915547647, 53.83288594844876], [-8.437993970317521, 53.831258543408325], [-8.433710291791533, 53.83164838877612], [-8.433663062961871, 53.83346028131537], [-8.443461496122797, 53.83958632153494], [-8.443013729798194, 53.840381165971706], [-8.440974148429529, 53.83979306065703], [-8.440010004957722, 53.84098934646696], [-8.441313413932416, 53.84143792368105], [-8.440358050129346, 53.844575257535936], [-8.439160611713625, 53.845183261549785], [-8.441445675994661, 53.84587498687237], [-8.440898545896934, 53.848133913231464], [-8.43456498308874, 53.84786574547215], [-8.429813401411439, 53.84637383436937], [-8.42612060531123, 53.84980671067257], [-8.414503409602688, 53.85336635946734], [-8.41315303203503, 53.849166065858824]]]}, "properties": {"code": "000592", "name": "Bellanagare Bog SAC", "county": "Roscommon", "designation": "SAC + SPA", "source": "SAC", "plots_2022": null, "plots_2021": null, "site_ha": 1203.2, "years": [2018, 2020, 2021, 2022, 2023, 2024, 2025, 2026], "ndvi_series": [49.23, 28.66, 7.38, 0.79, 7.9, 6.05, 27.08, 103.19], "gng_series": [44.4, 26.08, 7.02, 0.78, 7.77, 6.05, 27.02, 103.21], "dates": ["2018-05-06", "2020-05-05", "2021-05-08", "2022-05-28", "2023-06-04", "2024-06-01", "2025-05-14", "2026-05-06"], "span": "2018\u20132026", "bare_now_ndvi_ha": 103.19, "bare_now_gng_ha": 103.21, "bare_pct_now": 8.6, "newly_ndvi_ha": 83.64, "newly_gng_ha": 84.19, "reveg_ndvi_ha": 39.85, "reveg_gng_ha": 35.56, "rate_ndvi_ha_yr": 3.33, "rate_gng_ha_yr": 3.88, "both_cov_pct": 89.7}}, {"type": "Feature", "geometry": {"type": "Polygon", "coordinates": [[[-8.507971352420997, 53.925031532161526], [-8.493826679860971, 53.91876918393293], [-8.488604748683011, 53.91944289864301], [-8.48071889464672, 53.917681774107656], [-8.478681017303808, 53.915484528785406], [-8.479023715758796, 53.914208978206666], [-8.477548665508905, 53.912023900014034], [-8.472036276428266, 53.91020052930215], [-8.472652723598847, 53.90879759208962], [-8.474495426748785, 53.90910078269047], [-8.474897671124031, 53.9082591527038], [-8.47246064705769, 53.90785807819112], [-8.472462087595659, 53.90599010058719], [-8.473828487541546, 53.905876064671716], [-8.473830777324203, 53.904784783430046], [-8.49189295390002, 53.906012603178866], [-8.491887628850609, 53.90518006954248], [-8.483537366779265, 53.90314172198298], [-8.482188046237038, 53.90095961259202], [-8.495494830885159, 53.90065958537433], [-8.497659441582377, 53.89845024666548], [-8.501122699360927, 53.897869846362056], [-8.510784115433173, 53.90118164200695], [-8.521465909343194, 53.90265860852759], [-8.52228831476157, 53.90641875896387], [-8.52594556530981, 53.90710233506871], [-8.525669296194167, 53.908963605979075], [-8.521287239147835, 53.910123649540715], [-8.523322931201628, 53.91158298557243], [-8.521207297384066, 53.914922017139645], [-8.517491641452569, 53.91699571433495], [-8.51124237175179, 53.91800440876332], [-8.513717474886366, 53.919633053832875], [-8.509731497968255, 53.92216331262967], [-8.51072815011244, 53.92248825067424], [-8.51045612714714, 53.924952906341794], [-8.507971352420997, 53.925031532161526]]]}, "properties": {"code": "000595", "name": "Callow Bog SAC", "county": "Roscommon", "designation": "SAC", "source": "SAC", "plots_2022": 31, "plots_2021": 22, "site_ha": 615.8, "years": [2018, 2019, 2020, 2021, 2022, 2023, 2024, 2025, 2026], "ndvi_series": [5.45, 0.4, 0.75, 6.47, 57.3, 3.76, 8.58, 85.45, 74.89], "gng_series": [4.87, 0.4, 0.75, 6.35, 57.15, 2.32, 7.67, 33.84, 74.22], "dates": ["2018-05-29", "2019-07-03", "2020-05-05", "2021-05-05", "2022-05-10", "2023-06-02", "2024-05-19", "2025-05-14", "2026-05-06"], "span": "2018\u20132026", "bare_now_ndvi_ha": 74.89, "bare_now_gng_ha": 74.22, "bare_pct_now": 12.1, "newly_ndvi_ha": 65.1, "newly_gng_ha": 64.5, "reveg_ndvi_ha": 4.51, "reveg_gng_ha": 3.94, "rate_ndvi_ha_yr": 9.1, "rate_gng_ha_yr": 6.46, "both_cov_pct": 87.0}}, {"type": "Feature", "geometry": {"type": "Polygon", "coordinates": [[[-8.664148078113627, 53.80616696739962], [-8.656501454071817, 53.805098169145694], [-8.65252672495907, 53.803293650231744], [-8.652436689196678, 53.80224166940177], [-8.649273192806403, 53.80253143066878], [-8.649957519600873, 53.801213488238155], [-8.648275636233834, 53.800223904047314], [-8.64960386430736, 53.79999960536698], [-8.64918719928026, 53.798446303903724], [-8.645961989129422, 53.79895733358248], [-8.636899295092338, 53.79571230194642], [-8.642104460509527, 53.79515440087162], [-8.642795903842337, 53.793766851040104], [-8.638416064088737, 53.792690704898504], [-8.632157499242702, 53.793989608795954], [-8.632044919918416, 53.790169398532015], [-8.638949329847417, 53.79016092786757], [-8.642837525015983, 53.78775373899313], [-8.640328156762948, 53.784835961969826], [-8.638102100638143, 53.7842920086474], [-8.638986318871861, 53.78331832887514], [-8.637715062615424, 53.78187342069966], [-8.64192270100754, 53.780524554480614], [-8.64942341358309, 53.78181676937972], [-8.653475351658132, 53.78468902782244], [-8.656154380427322, 53.784995019938705], [-8.663442466051295, 53.79124012068616], [-8.656590804866628, 53.79195184922053], [-8.655555310531465, 53.79365050357253], [-8.663900180935867, 53.79701434429169], [-8.66881517946634, 53.795463942680556], [-8.671155623157548, 53.797097616696476], [-8.6708263829281, 53.80115251567862], [-8.666444820335345, 53.80200108615088], [-8.669010285500802, 53.80282102159323], [-8.66976805505243, 53.80537657399131], [-8.667586641126215, 53.805360814920455], [-8.66679157190123, 53.807984401856025], [-8.664148078113627, 53.80616696739962]]]}, "properties": {"code": "000597", "name": "Carrowbehy/Caher Bog SAC", "county": "Roscommon", "designation": "SAC", "source": "SAC", "plots_2022": null, "plots_2021": null, "site_ha": 345.5, "years": [2018, 2019, 2020, 2021, 2023, 2024, 2025, 2026], "ndvi_series": [0.02, 0.1, 1.33, 0.22, 7.52, 0.82, 9.22, 30.95], "gng_series": [0.02, 0.1, 1.33, 0.23, 7.52, 0.82, 9.17, 30.91], "dates": ["2018-07-10", "2019-05-04", "2020-05-05", "2021-05-05", "2023-06-02", "2024-06-01", "2025-05-14", "2026-05-06"], "span": "2018\u20132026", "bare_now_ndvi_ha": 30.95, "bare_now_gng_ha": 30.91, "bare_pct_now": 8.9, "newly_ndvi_ha": 29.11, "newly_gng_ha": 29.06, "reveg_ndvi_ha": 0.02, "reveg_gng_ha": 0.02, "rate_ndvi_ha_yr": 2.62, "rate_gng_ha_yr": 2.62, "both_cov_pct": 85.7}}, {"type": "Feature", "geometry": {"type": "Polygon", "coordinates": [[[-8.565051842849703, 53.77733010644852], [-8.540886066793663, 53.76911701923101], [-8.53880224403195, 53.77108143058763], [-8.535989765732067, 53.76948216349113], [-8.538054562271892, 53.76789759770151], [-8.53566193198835, 53.765823491798], [-8.5500852292733, 53.76402809360045], [-8.554769665336673, 53.76808118725832], [-8.557976051237942, 53.764604131146505], [-8.562126309788507, 53.765869016145196], [-8.56467776523186, 53.76472546421305], [-8.564611884426443, 53.76266301935485], [-8.571821399059777, 53.76171701628673], [-8.572998102057314, 53.76246906910294], [-8.572379797607185, 53.763135634815576], [-8.575122128026836, 53.76443918425342], [-8.597047899347233, 53.77188783516113], [-8.596560120669306, 53.77275812397271], [-8.590327264477803, 53.772696804227266], [-8.58580243472685, 53.7738991484264], [-8.580727673113367, 53.77211861646321], [-8.577011069492656, 53.77366165474809], [-8.576862040727628, 53.77600710745131], [-8.565051842849703, 53.77733010644852]]]}, "properties": {"code": "000600", "name": "Cloonchambers Bog SAC", "county": "Roscommon", "designation": "SAC", "source": "SAC", "plots_2022": null, "plots_2021": 22, "site_ha": 348.1, "years": [2018, 2019, 2020, 2021, 2023, 2024, 2025, 2026], "ndvi_series": [18.22, 1.13, 1.42, 2.82, 0.2, 0.01, 20.76, 59.0], "gng_series": [18.22, 1.13, 1.42, 2.37, 0.12, 0.01, 19.06, 58.95], "dates": ["2018-05-06", "2019-05-21", "2020-05-05", "2021-06-07", "2023-06-02", "2024-06-01", "2025-05-14", "2026-05-06"], "span": "2018\u20132026", "bare_now_ndvi_ha": 59.0, "bare_now_gng_ha": 58.95, "bare_pct_now": 16.9, "newly_ndvi_ha": 42.38, "newly_gng_ha": 42.33, "reveg_ndvi_ha": 1.99, "reveg_gng_ha": 1.99, "rate_ndvi_ha_yr": 3.61, "rate_gng_ha_yr": 3.53, "both_cov_pct": 96.3}}, {"type": "Feature", "geometry": {"type": "Polygon", "coordinates": [[[-8.69735790745889, 53.84782521209762], [-8.685093360376877, 53.846104842702715], [-8.684296850141513, 53.844653362636016], [-8.685488472176749, 53.843069516075175], [-8.684039589462412, 53.84028181880879], [-8.686399875588071, 53.83895432462889], [-8.684848438106778, 53.83911691997101], [-8.684725718636813, 53.83798368337024], [-8.686019608258535, 53.83799368095205], [-8.68789810706322, 53.83568703096602], [-8.689684494883489, 53.83475759409044], [-8.690730214870625, 53.8346932206932], [-8.688591596612149, 53.83568999034184], [-8.689360319138906, 53.83707694663266], [-8.688181065895039, 53.836585430456594], [-8.68702391127895, 53.83754632581043], [-8.698004592157185, 53.840066209074074], [-8.697089484253633, 53.84226488890929], [-8.700153205756934, 53.84259658483615], [-8.699778727733843, 53.8438790318158], [-8.700797521476535, 53.84399215542356], [-8.698695309607706, 53.8467017022884], [-8.699623089460651, 53.847065187083395], [-8.69735790745889, 53.84782521209762]]]}, "properties": {"code": "000604", "name": "Derrinea Bog SAC", "county": "Roscommon", "designation": "SAC", "source": "SAC", "plots_2022": null, "plots_2021": null, "site_ha": 89.2, "years": [2018, 2019, 2020, 2021, 2023, 2024, 2025, 2026], "ndvi_series": [0.0, 0.0, 0.01, 0.0, 0.0, 0.0, 3.13, 10.5], "gng_series": [0.0, 0.0, 0.01, 0.0, 0.0, 0.0, 3.13, 10.45], "dates": ["2018-05-16", "2019-05-04", "2020-05-05", "2021-05-30", "2023-06-02", "2024-05-19", "2025-05-14", "2026-05-06"], "span": "2018\u20132026", "bare_now_ndvi_ha": 10.5, "bare_now_gng_ha": 10.45, "bare_pct_now": 11.7, "newly_ndvi_ha": 10.5, "newly_gng_ha": 10.45, "reveg_ndvi_ha": 0.0, "reveg_gng_ha": 0.0, "rate_ndvi_ha_yr": 0.86, "rate_gng_ha_yr": 0.85, "both_cov_pct": 99.7}}, {"type": "Feature", "geometry": {"type": "Polygon", "coordinates": [[[-8.385929416872694, 53.88101191321109], [-8.369148246967265, 53.88084300087403], [-8.37178614169615, 53.87659487498216], [-8.368923304354503, 53.876192855837964], [-8.369584669352205, 53.874399537000826], [-8.368405255541088, 53.87285937171151], [-8.36522880568076, 53.87185853711218], [-8.366062836626794, 53.870564420471105], [-8.364175926043604, 53.86895431553233], [-8.373255151392355, 53.86480086331282], [-8.38966305825941, 53.86864607833832], [-8.388821788547874, 53.87066346554474], [-8.390858922089969, 53.87102322101241], [-8.391109479497198, 53.87411475676806], [-8.393425846136445, 53.87444322570842], [-8.388560135438297, 53.877153170369866], [-8.386971255409811, 53.876911003104055], [-8.385929416872694, 53.88101191321109]]]}, "properties": {"code": "000614", "name": "Cloonshanville Bog SAC", "county": "Roscommon", "designation": "SAC", "source": "SAC", "plots_2022": null, "plots_2021": null, "site_ha": 225.7, "years": [2018, 2019, 2020, 2021, 2022, 2023, 2024, 2025, 2026], "ndvi_series": [4.38, 0.04, 3.23, 2.93, 0.26, 0.17, 0.43, 4.63, 11.52], "gng_series": [4.32, 0.04, 3.02, 2.93, 0.26, 0.17, 0.43, 4.63, 11.53], "dates": ["2018-05-06", "2019-05-04", "2020-05-05", "2021-06-27", "2022-06-04", "2023-06-02", "2024-05-19", "2025-05-14", "2026-05-06"], "span": "2018\u20132026", "bare_now_ndvi_ha": 11.52, "bare_now_gng_ha": 11.53, "bare_pct_now": 5.1, "newly_ndvi_ha": 10.7, "newly_gng_ha": 10.71, "reveg_ndvi_ha": 3.68, "reveg_gng_ha": 3.62, "rate_ndvi_ha_yr": 0.57, "rate_gng_ha_yr": 0.58, "both_cov_pct": 93.9}}, {"type": "Feature", "geometry": {"type": "Polygon", "coordinates": [[[-8.510756189242057, 53.51176140767686], [-8.504401272910256, 53.509738523445954], [-8.502360566371683, 53.511445015028976], [-8.496142615610301, 53.508799589527314], [-8.493224174743554, 53.50977097708792], [-8.481844029272345, 53.50869412865691], [-8.473269670905454, 53.50550641685376], [-8.474144272582299, 53.504766159619024], [-8.471414470553453, 53.503626565391464], [-8.472307905250549, 53.50334797336505], [-8.47141783773617, 53.501040417718], [-8.478655961185064, 53.49755067417314], [-8.483206905130883, 53.50003414976293], [-8.48550789299896, 53.49817125805801], [-8.490108251280354, 53.49727832692698], [-8.49172784066335, 53.49441869828325], [-8.486808599489757, 53.491818207653964], [-8.490779550528115, 53.49064874656759], [-8.498960158151668, 53.491247278626275], [-8.50304825859935, 53.48865895403588], [-8.505037956847348, 53.48906291425336], [-8.511379294087147, 53.49166082878586], [-8.51018587797583, 53.49233718939386], [-8.51140079418404, 53.492242965280255], [-8.514651551585736, 53.495190881761964], [-8.513447750690414, 53.49562602343268], [-8.51526416137986, 53.495951468696745], [-8.515306838024188, 53.49896672581246], [-8.514213627971765, 53.49958303015846], [-8.516793272184234, 53.50314829188757], [-8.514770371168126, 53.50419456326014], [-8.516593737236693, 53.50611467033852], [-8.514432207624541, 53.51005091544083], [-8.512399579192744, 53.5099314966089], [-8.510756189242057, 53.51176140767686]]]}, "properties": {"code": "001242", "name": "Carrownagappul Bog SAC", "county": "Galway", "designation": "SAC", "source": "SAC", "plots_2022": null, "plots_2021": null, "site_ha": 485.6, "years": [2018, 2019, 2020, 2021, 2023, 2024, 2025, 2026], "ndvi_series": [0.44, 2.63, 5.51, 2.32, 0.61, 0.72, 4.9, 0.59], "gng_series": [0.44, 2.24, 5.46, 2.32, 0.57, 0.68, 4.86, 0.57], "dates": ["2018-06-30", "2019-07-03", "2020-05-05", "2021-06-29", "2023-06-02", "2024-05-19", "2025-05-14", "2026-05-26"], "span": "2018\u20132026", "bare_now_ndvi_ha": 0.59, "bare_now_gng_ha": 0.57, "bare_pct_now": 0.1, "newly_ndvi_ha": 0.59, "newly_gng_ha": 0.57, "reveg_ndvi_ha": 0.44, "reveg_gng_ha": 0.44, "rate_ndvi_ha_yr": -0.06, "rate_gng_ha_yr": -0.05, "both_cov_pct": 92.1}}, {"type": "Feature", "geometry": {"type": "Polygon", "coordinates": [[[-8.64717599303847, 53.13443567685763], [-8.643915331371893, 53.13635069368083], [-8.641849373436022, 53.13620228491414], [-8.64855912311179, 53.13054003196912], [-8.624565310928688, 53.12420555115351], [-8.623288220771633, 53.12625838908948], [-8.620518502474937, 53.12527948097174], [-8.620782334656457, 53.12159338551364], [-8.61837903896908, 53.11313454414353], [-8.628569539374292, 53.112092835800226], [-8.633508359490428, 53.11485919626009], [-8.632170452322619, 53.1171391028226], [-8.634677542534426, 53.11726497945111], [-8.63430226102383, 53.11837214532778], [-8.6370839164741, 53.11811826346174], [-8.63859595224036, 53.12063704972302], [-8.664210801203575, 53.11715682260732], [-8.665941667099865, 53.121553289217665], [-8.663926712934272, 53.12274896221749], [-8.665025238902945, 53.12417631633026], [-8.664828321313887, 53.12677950000822], [-8.664103024605053, 53.12747037037696], [-8.662663169597375, 53.12625737854676], [-8.661469028014377, 53.12786629145906], [-8.661745643313576, 53.129571764636026], [-8.664017030953262, 53.129096729213686], [-8.665379357328563, 53.13111715432042], [-8.663144359662413, 53.133278775098454], [-8.663150774162457, 53.134734817720656], [-8.661038997863102, 53.13666553407683], [-8.648423936540949, 53.138382528525206], [-8.64717599303847, 53.13443567685763]], [[-8.634400594389877, 53.1173517821444], [-8.63426625450856, 53.11727468475914], [-8.634248724246312, 53.11733608139164], [-8.634400594389877, 53.1173517821444]]]}, "properties": {"code": "001913", "name": "Sonnagh Bog SAC", "county": "Galway", "designation": "SAC + SPA", "source": "SAC", "plots_2022": null, "plots_2021": null, "site_ha": 461.8, "years": [2018, 2019, 2020, 2021, 2022, 2023, 2024, 2025, 2026], "ndvi_series": [76.22, 3.92, 19.04, 63.8, 1.81, 1.47, 3.09, 1.62, 1.01], "gng_series": [72.83, 3.75, 19.04, 63.2, 1.68, 0.82, 2.76, 1.35, 0.98], "dates": ["2018-05-06", "2019-07-03", "2020-05-03", "2021-05-05", "2022-05-28", "2023-05-30", "2024-06-23", "2025-05-17", "2026-07-13"], "span": "2018\u20132026", "bare_now_ndvi_ha": 1.01, "bare_now_gng_ha": 0.98, "bare_pct_now": 0.2, "newly_ndvi_ha": 1.01, "newly_gng_ha": 0.98, "reveg_ndvi_ha": 76.22, "reveg_gng_ha": 72.83, "rate_ndvi_ha_yr": -6.7, "rate_gng_ha_yr": -6.49, "both_cov_pct": 90.4}}, {"type": "Feature", "geometry": {"type": "Polygon", "coordinates": [[[-8.526184933396781, 53.736648318765866], [-8.513212877484554, 53.73084016560801], [-8.512841090918174, 53.729900659821396], [-8.516142453794435, 53.72980978717253], [-8.516953952733601, 53.72825865066863], [-8.509351286751848, 53.724270709215034], [-8.511628899331427, 53.721996051885625], [-8.509035791803662, 53.72064407149568], [-8.488159834015962, 53.71695022240141], [-8.466260816353858, 53.71676829336695], [-8.465099262169485, 53.70633796265725], [-8.473290098854555, 53.707589179359], [-8.474749452891011, 53.70657078103675], [-8.47399162231759, 53.705518977969824], [-8.476556524408156, 53.707074637061844], [-8.476095522305476, 53.70492095234634], [-8.492885279763406, 53.70593248536808], [-8.498861898881726, 53.70992243243937], [-8.505939634867655, 53.70941917381416], [-8.507123187099221, 53.70746129213198], [-8.50552480346201, 53.70639540207402], [-8.50921799902703, 53.706497467019666], [-8.511473546209112, 53.70853715567585], [-8.514501967034542, 53.708315262310585], [-8.515338211927531, 53.70951567782782], [-8.522024724909793, 53.71206242915318], [-8.522885306501578, 53.70930703757889], [-8.526407867798461, 53.708344520928335], [-8.530170290669306, 53.70950417679279], [-8.534975380055322, 53.71836307276461], [-8.533682308524153, 53.71948684683332], [-8.52920921045608, 53.71990518197091], [-8.529577419812933, 53.723029643994906], [-8.538974399764728, 53.72810786105397], [-8.538660320505556, 53.72894255240692], [-8.535978878942677, 53.7283051861728], [-8.53615614300365, 53.73014392266439], [-8.53778263648763, 53.73086051246947], [-8.535227011352518, 53.730692700523875], [-8.53763495170807, 53.731329666391], [-8.536084956605212, 53.73471062114302], [-8.537130353192756, 53.73588340167757], [-8.536293981693547, 53.736420841961355], [-8.53541345481074, 53.735044342532], [-8.526184933396781, 53.736648318765866]], [[-8.52351649874747, 53.71986000398484], [-8.520626223317539, 53.71745601680542], [-8.520192750580032, 53.71483533962955], [-8.518630085785029, 53.715840583321], [-8.5144840811723, 53.7157387121885], [-8.512170666823481, 53.71717380599939], [-8.512946767643173, 53.71785856238502], [-8.512195572430203, 53.71933079057242], [-8.524581833286065, 53.72285360037238], [-8.52351649874747, 53.71986000398484]]]}, "properties": {"code": "002110", "name": "Corliskea/Trien/Cloonfelliv Bog SAC", "county": "Galway", "designation": "SAC", "source": "SAC", "plots_2022": null, "plots_2021": null, "site_ha": 727.0, "years": [2018, 2019, 2020, 2021, 2023, 2024, 2025, 2026], "ndvi_series": [1.29, 2.83, 5.54, 0.0, 2.37, 4.77, 33.9, 80.02], "gng_series": [1.28, 2.83, 4.25, 0.0, 1.67, 4.63, 32.86, 79.62], "dates": ["2018-05-16", "2019-07-03", "2020-05-03", "2021-06-27", "2023-06-02", "2024-06-01", "2025-05-14", "2026-05-06"], "span": "2018\u20132026", "bare_now_ndvi_ha": 80.02, "bare_now_gng_ha": 79.62, "bare_pct_now": 11.0, "newly_ndvi_ha": 78.35, "newly_gng_ha": 77.96, "reveg_ndvi_ha": 0.27, "reveg_gng_ha": 0.27, "rate_ndvi_ha_yr": 6.82, "rate_gng_ha_yr": 6.76, "both_cov_pct": 91.0}}, {"type": "Feature", "geometry": {"type": "Polygon", "coordinates": [[[-8.528163188305314, 53.01970933247757], [-8.525252542250946, 53.020471094867126], [-8.52630159507547, 53.0182330516162], [-8.525916232109743, 53.01604902657871], [-8.533555812490864, 53.012319786325335], [-8.533998702804809, 53.0107661281916], [-8.538759190531437, 53.01080210816367], [-8.54553174998899, 53.01264434748462], [-8.545697302616931, 53.014289189306126], [-8.539334735614512, 53.01407891009355], [-8.537286524333243, 53.01517340619379], [-8.534901616053828, 53.016681458041646], [-8.537866535780342, 53.01738621231713], [-8.535623890994994, 53.01858108584692], [-8.533883376531922, 53.01811078540413], [-8.533940063285996, 53.01667757840986], [-8.53279634150514, 53.01616073031578], [-8.527757982875357, 53.016995639033496], [-8.528163188305314, 53.01970933247757]]]}, "properties": {"code": "002126", "name": "Pollagoona Bog SAC", "county": "Galway", "designation": "SAC + SPA", "source": "SAC", "plots_2022": null, "plots_2021": null, "site_ha": 53.2, "years": [2018, 2019, 2020, 2021, 2022, 2023, 2024, 2025, 2026], "ndvi_series": [21.01, 1.29, 0.0, 2.6, 0.01, 0.0, 0.12, 3.21, 1.46], "gng_series": [21.01, 1.28, 0.0, 2.6, 0.01, 0.0, 0.12, 3.21, 1.47], "dates": ["2018-05-06", "2019-05-21", "2020-05-28", "2021-05-18", "2022-05-28", "2023-05-30", "2024-05-19", "2025-05-14", "2026-05-26"], "span": "2018\u20132026", "bare_now_ndvi_ha": 1.46, "bare_now_gng_ha": 1.47, "bare_pct_now": 2.8, "newly_ndvi_ha": 0.84, "newly_gng_ha": 0.84, "reveg_ndvi_ha": 20.39, "reveg_gng_ha": 20.38, "rate_ndvi_ha_yr": -1.25, "rate_gng_ha_yr": -1.25, "both_cov_pct": 100.0}}, {"type": "Feature", "geometry": {"type": "MultiPolygon", "coordinates": [[[[-8.565811262536618, 53.78959529445624], [-8.561938716660555, 53.78926284585124], [-8.561827448923939, 53.790899680235846], [-8.566116895095199, 53.791918037195295], [-8.565450025556705, 53.79309962906807], [-8.563939413199485, 53.79311032058387], [-8.553531943724515, 53.79013603433409], [-8.553931064121425, 53.789530081819706], [-8.55150169822714, 53.78856997318917], [-8.554110985778113, 53.78739363624931], [-8.554081043202627, 53.78515065353253], [-8.565811262536618, 53.78959529445624]]], [[[-8.57029910934716, 53.78634582575675], [-8.578177411235615, 53.788119802369366], [-8.593889101467084, 53.7955922286178], [-8.588405307572843, 53.801307924026204], [-8.584566330431798, 53.79990690254499], [-8.584993351703618, 53.79927852347811], [-8.570765480753595, 53.79638093243712], [-8.572784275345509, 53.79354058227884], [-8.568755149228759, 53.79138996880906], [-8.57029910934716, 53.78634582575675]]], [[[-8.617961097590355, 53.8070597312399], [-8.613518657292135, 53.80568899394992], [-8.614148351228724, 53.80459797070858], [-8.610289762531572, 53.80100668337576], [-8.610888363703747, 53.7993052432305], [-8.619005178701325, 53.80025737993777], [-8.621767309267755, 53.79997954965399], [-8.622516180980172, 53.79867460828396], [-8.632735991045116, 53.80040900698812], [-8.634451624748312, 53.80156170055147], [-8.63320345786359, 53.80301065226479], [-8.633977923116314, 53.803305006569786], [-8.62946328669274, 53.80772620317022], [-8.62163454257879, 53.805662834886625], [-8.617961097590355, 53.8070597312399]]]]}, "properties": {"code": "002338", "name": "Drumalough Bog SAC", "county": "Roscommon", "designation": "SAC", "source": "SAC", "plots_2022": null, "plots_2021": null, "site_ha": 277.8, "years": [2018, 2019, 2020, 2021, 2023, 2024, 2025, 2026], "ndvi_series": [10.25, 0.55, 1.62, 5.89, 3.69, 9.11, 56.35, 34.1], "gng_series": [9.43, 0.39, 1.63, 4.89, 3.52, 8.93, 25.63, 33.65], "dates": ["2018-05-06", "2019-05-11", "2020-05-05", "2021-05-30", "2023-06-04", "2024-06-23", "2025-05-14", "2026-05-06"], "span": "2018\u20132026", "bare_now_ndvi_ha": 34.1, "bare_now_gng_ha": 33.65, "bare_pct_now": 12.1, "newly_ndvi_ha": 25.53, "newly_gng_ha": 25.92, "reveg_ndvi_ha": 1.68, "reveg_gng_ha": 1.7, "rate_ndvi_ha_yr": 4.59, "rate_gng_ha_yr": 3.1, "both_cov_pct": 99.9}}, {"type": "Feature", "geometry": {"type": "Polygon", "coordinates": [[[-8.104573440925828, 53.44589798273885], [-8.104063808619388, 53.443793567101466], [-8.100448589256674, 53.44319525329574], [-8.100781652742095, 53.442099445997194], [-8.095105291962767, 53.44416269316392], [-8.092661576482866, 53.44258999432993], [-8.08980054090546, 53.444345250588604], [-8.083149950738456, 53.44062071096035], [-8.083952609474942, 53.439994963994636], [-8.0771435121899, 53.439699035884196], [-8.077977991349131, 53.4357446666503], [-8.080487206078908, 53.432091086454356], [-8.082727627612874, 53.432418657855244], [-8.08713441453621, 53.42960226946524], [-8.092755254008624, 53.42929804678744], [-8.094930728937115, 53.43015462599143], [-8.095259084916155, 53.43165310974174], [-8.096563994134234, 53.431328411354265], [-8.096090816817632, 53.43289202885553], [-8.098522284662357, 53.432224548747406], [-8.098148994166152, 53.4344831666197], [-8.096182263362842, 53.43533013626111], [-8.100560994918883, 53.439970724979005], [-8.103914816874699, 53.43802426364178], [-8.102705801148163, 53.43500452775381], [-8.10347923566881, 53.43333282635399], [-8.10625020171085, 53.43557963471893], [-8.104271835761192, 53.436932932544174], [-8.106012703564602, 53.439013241079465], [-8.109052723319182, 53.43939386318892], [-8.111105215149594, 53.43818193643243], [-8.114864704360699, 53.4444701927688], [-8.112320930576512, 53.44554087017335], [-8.109693119795816, 53.444115662593454], [-8.109196428273647, 53.445839440867005], [-8.104573440925828, 53.44589798273885]]]}, "properties": {"code": "002339", "name": "Ballynamona Bog and Corkip Lough SAC", "county": "Roscommon", "designation": "SAC", "source": "SAC", "plots_2022": null, "plots_2021": null, "site_ha": 235.3, "years": [2018, 2019, 2020, 2021, 2022, 2023, 2024, 2025, 2026], "ndvi_series": [0.11, 0.02, 0.0, 0.21, 0.6, 0.68, 0.18, 0.48, 3.26], "gng_series": [0.09, 0.02, 0.0, 0.16, 0.51, 0.66, 0.18, 0.48, 3.26], "dates": ["2018-05-06", "2019-07-03", "2020-05-03", "2021-05-05", "2022-06-04", "2023-06-04", "2024-06-23", "2025-05-14", "2026-05-06"], "span": "2018\u20132026", "bare_now_ndvi_ha": 3.26, "bare_now_gng_ha": 3.26, "bare_pct_now": 1.4, "newly_ndvi_ha": 3.2, "newly_gng_ha": 3.22, "reveg_ndvi_ha": 0.05, "reveg_gng_ha": 0.05, "rate_ndvi_ha_yr": 0.25, "rate_gng_ha_yr": 0.25, "both_cov_pct": 100.0}}, {"type": "Feature", "geometry": {"type": "Polygon", "coordinates": [[[-8.431337176758634, 53.56849848683817], [-8.432178670861683, 53.56692175862792], [-8.43460683527618, 53.566644242321196], [-8.435476615022779, 53.565242753303686], [-8.43425144560007, 53.562681431080755], [-8.435063208265673, 53.561272408113695], [-8.433581998266868, 53.56084370273207], [-8.43946460677445, 53.559368019742806], [-8.439999277015387, 53.56033089125343], [-8.44358015576538, 53.56002857329758], [-8.452736976221553, 53.56179797480769], [-8.454678504248578, 53.55954322052593], [-8.450632825921533, 53.55803999587409], [-8.453163515060462, 53.55662332977265], [-8.456576139597013, 53.55716009139176], [-8.456733287980958, 53.555592248231385], [-8.46351530133454, 53.55789540241898], [-8.465650817855725, 53.55592004637677], [-8.471936762981368, 53.55778434186077], [-8.469335907004133, 53.56031639406253], [-8.470557735404915, 53.561443782059236], [-8.465410495272103, 53.562588989825656], [-8.46404874977544, 53.565841168926745], [-8.461605468686866, 53.56757662321294], [-8.456086007619398, 53.5661595822847], [-8.453527442473606, 53.56957657122842], [-8.452129669099708, 53.569478236835884], [-8.452021278106933, 53.570682177245885], [-8.444799565067235, 53.57460083094147], [-8.434508897946465, 53.57191306642532], [-8.42981868221926, 53.568461965731785], [-8.431337176758634, 53.56849848683817]]]}, "properties": {"code": "002347", "name": "Camderry Bog SAC", "county": "Galway", "designation": "SAC", "source": "SAC", "plots_2022": null, "plots_2021": null, "site_ha": 283.3, "years": [2018, 2020, 2021, 2023, 2024, 2025, 2026], "ndvi_series": [1.54, 0.06, 4.45, 5.87, 0.04, 1.3, 0.09], "gng_series": [1.52, 0.06, 4.45, 5.87, 0.04, 1.3, 0.08], "dates": ["2018-05-06", "2020-07-09", "2021-06-29", "2023-06-04", "2024-06-01", "2025-05-14", "2026-05-26"], "span": "2018\u20132026", "bare_now_ndvi_ha": 0.09, "bare_now_gng_ha": 0.08, "bare_pct_now": 0.0, "newly_ndvi_ha": 0.09, "newly_gng_ha": 0.08, "reveg_ndvi_ha": 1.54, "reveg_gng_ha": 1.52, "rate_ndvi_ha_yr": -0.13, "rate_gng_ha_yr": -0.12, "both_cov_pct": 98.8}}, {"type": "Feature", "geometry": {"type": "Polygon", "coordinates": [[[-8.081751047094839, 53.67427753532251], [-8.07657338903975, 53.672406315432546], [-8.072943213384267, 53.67290393884203], [-8.070501317412843, 53.67192491096894], [-8.07319623598735, 53.67136493101396], [-8.072482420353015, 53.6677725595769], [-8.069904091208507, 53.66658233895218], [-8.073912211588626, 53.66446564446055], [-8.08061530384293, 53.66436830108438], [-8.085341645764352, 53.65896142022658], [-8.086717511606345, 53.65865395765996], [-8.09011933646798, 53.66301668604211], [-8.089547908390358, 53.66577180270056], [-8.090484971015853, 53.66952672194878], [-8.09239707116939, 53.67034740451668], [-8.093426799450434, 53.66940687199459], [-8.107296072180693, 53.67012390082469], [-8.105798079364709, 53.67101711077521], [-8.106113971878862, 53.67231267581226], [-8.099108575478644, 53.674312228687754], [-8.090874885305798, 53.67417092316998], [-8.083652400261043, 53.67821294212599], [-8.07998541275631, 53.674957018014915], [-8.081751047094839, 53.67427753532251]]]}, "properties": {"code": "002349", "name": "Corbo Bog SAC", "county": "Roscommon", "designation": "SAC", "source": "SAC", "plots_2022": null, "plots_2021": 11, "site_ha": 202.7, "years": [2018, 2019, 2020, 2021, 2022, 2023, 2024, 2025, 2026], "ndvi_series": [0.28, 0.0, 0.87, 0.03, 9.21, 7.97, 4.31, 13.24, 15.77], "gng_series": [0.28, 0.0, 0.75, 0.03, 6.02, 5.78, 0.63, 9.58, 13.4], "dates": ["2018-05-16", "2019-05-11", "2020-05-08", "2021-05-03", "2022-06-04", "2023-06-04", "2024-06-23", "2025-05-14", "2026-05-06"], "span": "2018\u20132026", "bare_now_ndvi_ha": 15.77, "bare_now_gng_ha": 13.4, "bare_pct_now": 6.6, "newly_ndvi_ha": 15.51, "newly_gng_ha": 13.14, "reveg_ndvi_ha": 0.02, "reveg_gng_ha": 0.02, "rate_ndvi_ha_yr": 1.94, "rate_gng_ha_yr": 1.45, "both_cov_pct": 100.0}}, {"type": "Feature", "geometry": {"type": "Polygon", "coordinates": [[[-8.482672726449508, 53.533165876225915], [-8.479781713563813, 53.53294269410208], [-8.480928483414642, 53.53224016139944], [-8.476994267337165, 53.52783906792195], [-8.47531344929944, 53.52760167208326], [-8.480570379643327, 53.524080160336666], [-8.4808292217045, 53.52185445475915], [-8.484616742948207, 53.52184393022645], [-8.489430910414914, 53.5195523607671], [-8.50008645680697, 53.524119402087216], [-8.499427059622711, 53.5246171486693], [-8.500752241586309, 53.524911350565446], [-8.503670011703054, 53.530279815590355], [-8.493681803362856, 53.543817146457855], [-8.489871627758538, 53.54364217484953], [-8.490451116950156, 53.54207158386857], [-8.491979210453817, 53.54178674584306], [-8.48515005414487, 53.5384332802959], [-8.486310258964375, 53.535819800377155], [-8.482760138046219, 53.535225905037294], [-8.482672726449508, 53.533165876225915]]]}, "properties": {"code": "002350", "name": "Curraghlehanagh Bog SAC", "county": "Galway", "designation": "SAC", "source": "SAC", "plots_2022": null, "plots_2021": null, "site_ha": 277.9, "years": [2018, 2019, 2020, 2021, 2023, 2024, 2025, 2026], "ndvi_series": [0.0, 1.01, 0.01, 0.89, 5.09, 1.56, 0.68, 4.37], "gng_series": [0.0, 0.95, 0.01, 0.27, 5.1, 1.57, 0.68, 4.37], "dates": ["2018-05-16", "2019-05-21", "2020-05-05", "2021-06-27", "2023-06-04", "2024-05-19", "2025-05-14", "2026-05-06"], "span": "2018\u20132026", "bare_now_ndvi_ha": 4.37, "bare_now_gng_ha": 4.37, "bare_pct_now": 1.6, "newly_ndvi_ha": 4.29, "newly_gng_ha": 4.29, "reveg_ndvi_ha": 0.0, "reveg_gng_ha": 0.0, "rate_ndvi_ha_yr": 0.4, "rate_gng_ha_yr": 0.41, "both_cov_pct": 97.6}}, {"type": "Feature", "geometry": {"type": "Polygon", "coordinates": [[[-8.67398974357849, 53.370357107885134], [-8.667911756142413, 53.365406817216474], [-8.665359593694035, 53.36457349987779], [-8.670770520449917, 53.358382446229086], [-8.669414619755328, 53.35613750840325], [-8.670603225508653, 53.35379076850705], [-8.669943877177392, 53.35322008481644], [-8.674281085871549, 53.354385112610736], [-8.675357381453773, 53.352113004843005], [-8.678157872506942, 53.353447425358794], [-8.677787753528461, 53.35211717902803], [-8.679631201438513, 53.35143376414992], [-8.678146468721863, 53.35020597939173], [-8.680972117001184, 53.349071787412285], [-8.684475580932261, 53.35144289570694], [-8.683988744070103, 53.35225303769385], [-8.68543492667967, 53.35358659405047], [-8.684717998654618, 53.35576956104698], [-8.688728336647419, 53.35641340117306], [-8.698417193030593, 53.36571205212786], [-8.69681148515647, 53.367822628077924], [-8.693091606528728, 53.36791972796025], [-8.693574290145847, 53.36865659987355], [-8.686930633213551, 53.36928470225842], [-8.685269273809618, 53.367917164072544], [-8.682395892769918, 53.36789496263204], [-8.67398974357849, 53.370357107885134]]]}, "properties": {"code": "002352", "name": "Monivea Bog SAC", "county": "Galway", "designation": "SAC", "source": "SAC", "plots_2022": 49, "plots_2021": 51, "site_ha": 286.8, "years": [2018, 2019, 2020, 2021, 2022, 2023, 2024, 2025, 2026], "ndvi_series": [1.91, 0.0, 2.66, 2.25, 40.85, 2.21, 5.63, 15.57, 21.66], "gng_series": [1.91, 0.0, 2.39, 2.21, 37.85, 1.12, 4.42, 14.23, 21.58], "dates": ["2018-05-16", "2019-05-21", "2020-05-03", "2021-05-08", "2022-05-15", "2023-06-02", "2024-06-23", "2025-05-14", "2026-05-06"], "span": "2018\u20132026", "bare_now_ndvi_ha": 21.66, "bare_now_gng_ha": 21.58, "bare_pct_now": 7.5, "newly_ndvi_ha": 19.75, "newly_gng_ha": 19.67, "reveg_ndvi_ha": 0.0, "reveg_gng_ha": 0.0, "rate_ndvi_ha_yr": 2.19, "rate_gng_ha_yr": 2.07, "both_cov_pct": 100.0}}, {"type": "Feature", "geometry": {"type": "Polygon", "coordinates": [[[-8.53512335636695, 53.91502462722464], [-8.522199973015242, 53.91528748601223], [-8.521534107849714, 53.913777879408826], [-8.523315681243572, 53.911511963385465], [-8.521287239147835, 53.910123649540715], [-8.525452836416202, 53.909174920114275], [-8.528034810780643, 53.90644742686585], [-8.530347218827421, 53.90719276839857], [-8.534572664834753, 53.90606070440642], [-8.541418025598114, 53.90874950140998], [-8.541976985317529, 53.91024789608402], [-8.5405563178093, 53.91042024418684], [-8.54141151329572, 53.91219122258187], [-8.537362675991393, 53.91427647889718], [-8.535536609079697, 53.91348605154603], [-8.533846936191217, 53.91435513467011], [-8.53512335636695, 53.91502462722464]]]}, "properties": {"code": "002354", "name": "Tullaghanrock Bog SAC", "county": "Roscommon", "designation": "SAC", "source": "SAC", "plots_2022": null, "plots_2021": null, "site_ha": 102.8, "years": [2018, 2019, 2020, 2021, 2022, 2023, 2024, 2025, 2026], "ndvi_series": [0.02, 0.01, 0.02, 0.0, 4.55, 0.0, 0.02, 1.32, 4.3], "gng_series": [0.02, 0.01, 0.02, 0.0, 4.55, 0.0, 0.02, 1.31, 4.3], "dates": ["2018-05-16", "2019-05-11", "2020-05-05", "2021-05-03", "2022-05-10", "2023-06-02", "2024-05-19", "2025-05-14", "2026-05-06"], "span": "2018\u20132026", "bare_now_ndvi_ha": 4.3, "bare_now_gng_ha": 4.3, "bare_pct_now": 4.2, "newly_ndvi_ha": 4.28, "newly_gng_ha": 4.28, "reveg_ndvi_ha": 0.0, "reveg_gng_ha": 0.0, "rate_ndvi_ha_yr": 0.35, "rate_gng_ha_yr": 0.35, "both_cov_pct": 100.0}}, {"type": "Feature", "geometry": {"type": "Polygon", "coordinates": [[[-8.247396780133938, 53.180377700375324], [-8.228508732088912, 53.17780355776615], [-8.230287001458581, 53.17291868589477], [-8.23861831627091, 53.16627965458097], [-8.24403307643166, 53.16719631896049], [-8.256623271065505, 53.173104948942864], [-8.253355185338973, 53.17477614129218], [-8.249586534860999, 53.178180577130306], [-8.250398859622619, 53.17858523803452], [-8.247396780133938, 53.180377700375324]]]}, "properties": {"code": "002356", "name": "Ardgraigue Bog SAC", "county": "Galway", "designation": "SAC", "source": "SAC", "plots_2022": null, "plots_2021": null, "site_ha": 177.0, "years": [2018, 2020, 2021, 2022, 2023, 2024, 2025, 2026], "ndvi_series": [0.0, 0.0, 0.0, 2.82, 0.35, 2.82, 1.68, 1.25], "gng_series": [0.0, 0.0, 0.0, 1.47, 0.15, 2.05, 1.4, 0.34], "dates": ["2018-06-28", "2020-05-03", "2021-05-18", "2022-05-28", "2023-06-14", "2024-05-19", "2025-06-13", "2026-06-23"], "span": "2018\u20132026", "bare_now_ndvi_ha": 1.25, "bare_now_gng_ha": 0.34, "bare_pct_now": 0.2, "newly_ndvi_ha": 1.25, "newly_gng_ha": 0.34, "reveg_ndvi_ha": 0.0, "reveg_gng_ha": 0.0, "rate_ndvi_ha_yr": 0.25, "rate_gng_ha_yr": 0.16, "both_cov_pct": 100.0}}]}